userid,text
NSSFAFT,簽 大哥🥺🥺
flive0506,大哥沒有輸
ggo74ed,巴哈我大哥!!
Wei20010714,頭
goldyoyo,巴哈我大哥
he00675558,巴哈我大哥
cow246988,請按7謝謝
xu35k6xu4,巴哈我大哥
ilovehyunjin,要怎麼用雙語
brightwinnn,大哥沒有輸
a12365478957,20210822
power30678pp,付費會員簽
a3296963,巴哈我大哥
xu3u6xu06,2021/10/6五刷
a2393254,巴哈我大哥 炎柱我大哥
JOHNNY1300,巴哈我大哥 大哥沒有輸
f5738696,股東大會
hoon123,付費推起來
nana013001,是錢讓我們在此相遇
fsvs812041,巴哈我大哥，免費的我來了
e0410214,大哥沒有
JOHNNY1300,股東大會
yh031414,2022 1 29 剛受傷的簽
BHSN00000q51,11111111111111
stg44stg44,巴哈我大哥
pp93827145,免費仔解禁
Ast281130,巴哈我大哥！
donkey74173,巴哈我大哥
wolf1102207,股東大會wwww
qeyeeoror,2021/9/26
dragono,巴哈我大哥
RookieWen,巴哈我大哥
stknight410,巴哈我大哥 大哥贏了
pengchen,巴哈我大哥
violet722862,巴哈我大哥
t632el1,巴哈我大哥!!!
lkjh4128,大哥沒有輸
dien001,會員就是香
nutstsuna,付費會員🥳🥳🥳
c8976680,巴哈我大哥
jjjnono,大哥沒有輸!!!!!
ab0908819753,巴哈我大哥
s0912038113,我愛依霜
Terry12355,大哥
dio12345678,大哥
JOHNNY1300,巴哈我大哥
diddywu,巴哈沒有輸
paullau003,巴哈我大哥
Jayabby666,ʕ´•ᴥ•`ʔ簽2023.07.06
joe00061,大哥沒有輸!
zxc56742,大哥沒有輸
g921728,大哥輸了
Henry970102,簽🐱
Asuna9425,我都看免費的]
Sunny0609,大哥
Jason632,大哥沒有輸
tp6ru4z,股東來了
zhu95955,巴哈我大哥
ben10200,巴哈我大哥
ragnarok0077,巴哈我大哥  大哥沒有輸!!
B951213,大哥沒有輸 !!!!!!!!
meneipie,巴哈我大哥
q0980080,巴哈我大哥
WLO2340472,巴哈我大哥
andy030622,股東大會www
cabalist,巴哈大哥來了!
demon886,感謝巴哈....免費觀看耶!!
techon546,大哥輸了
thedick,巴哈我大哥
TLKailin,巴哈我大哥
ilovehyunjin,怎麼換成中文
ilovehyunjin,怎麼用中文
h96302,巴哈我大哥!!
rockuo945,付費仔就是讚
qwe830113,巴哈我大哥耶
wyuande,簽
tina6331,巴哈我大哥
w041100,巴哈我大哥
marlopaery,YA~WWWWWWW
ggyy2217tw,付費就是爽
jesse201203,巴哈我大哥
aa001199,笑死
r97wgxy45j,巴哈我大哥
week8822,巴哈我大哥
z0282823624,付費爽
a57763500,我愛你們
s8m88cjwqv,木棉花
BHSN00000f92,免費萬歲
lunababy,巴哈我大哥
JOHNNY1300,巴哈我大哥！
k7365116,巴哈我大哥
atx54880,巴哈我大哥
besame0114,還好種花2天下架了 差點買
yo040117,巴哈我大哥
sean83225,跟巴哈大哥打招呼
jonner,喔耶
loveup6,大哥推起來!
J122833253,付費付費付費
triumph1025,巴哈我大哥
dfghsdfertgh,神，巴哈大哥
bigrabbit52,巴哈萬歲！！
paralux,屌
Wei1688,我來啦
wyuande,大哥沒有輸！！！
g921728,巴哈我大哥大哥輸了
k7365116,大哥沒有輸
liu127301,簽
BHSN000035s6,巴哈我大哥
D0962496,免費啦啦啦啦
room0801,刷!
finalkller,大哥我來找你了
r658132,巴哈我大哥
jonner,好耶
Amerin240,我還不看爆!!!!!
maxint,巴哈我大哥 大哥沒有輸
pomelo1005,20240319
howard23201, 付費看童話搂
jacky6109,為了大哥直接續約啦
zheyi12117,付費真的爽
Subdued,巴哈我大哥 巴哈我大哥
Sam0408hu,巴哈我大哥 大哥沒有輸
L0312331,2024/1/7签
ben20031202,巴哈我大哥
farmer30175,巴哈我大哥
bm943,簽
JOHNNY1300,巴哈我大哥 大哥沒有輸！
p80213301,巴哈我大哥
sanlan77,"巴哈我大哥,大哥不會輸"
Amerin240,看完TV又來刷了!
g921728,大個輸了
mame25134,巴哈我大哥！！！！
ilove78996,蝦米!!!
geek00990088,巴哈我大哥
xm3294u04,推
sdertyuiipaq,A沒輸
qweasd011204,大哥！！
a10417848,太神啦
haru5986,巴哈我大哥
chuang198,巴哈我大哥
ps284117,讚美巴哈！讚歎巴哈！
mnbvfdew21,2022/9/16第一次收看
kh69xvvspn,大哥沒有輸
Tom6Riddle,跟著喊:巴哈我大哥!!!
p5p6p7p8,大哥沒有輸!!!!
zx0963241152,巴哈我巴哈我大哥
g921728,大哥大哥輸了
AAOO08310806,竟然上了
Gayalight,大哥沒有輸
BHSN00005258,哪裡可以改成中文
tintin2007,巴哈我大哥沒有輸！
Love300o,簽
brightwinnn,2023.7.6 n刷 木棉花我愛你
NSSFAFT,大哥🥺🥺🥺
a58596,巴哈我大哥 大哥我巴哈
nba93754,股東大會
robert700214,"大哥！！！

大哥！！！"
gackthyde,大哥沒有輸喔喔喔喔喔！
wizards251,巴哈我大哥！！！！
lupina,巴哈我大哥
song8998,大哥沒有輸！！！
peter050517,剛好生日出 好爽 立馬付費
heaven0503,大哥沒有ㄙㄨ
gackthyde,巴哈我大哥！！！
r124055351,簽  巴哈我大哥
chengbiyue,ありがとうございます！
kin770116,巴哈我大哥
u911028,大哥沒有輸
natak,大哥沒有輸
APOYC123,簽
yiiiii1007,10刷
darren82516,巴哈我大哥
luwalk,簽一個表示
Kuantao666,巴哈我大哥
kf062538,巴哈我大哥!
Heart0728,大哥我來了 簽
suifish,巴哈我大哥
cold54321,巴哈我大哥
dio12345678,股東聚集
tw0956001962,簽
imacoolboy24,巴哈我大哥
s960332,大哥已經輸了你們心知肚明
thomas891224,免費仔
sjsjj,真的是巴哈我大哥
wacow741,又到了巴哈我大哥的環節了
Paul00609,第一次彈幕  巴哈我大哥
thelastdog,巴哈我大哥
g921728,來看大哥領便當
jiancin0525,巴哈我大哥
dfanx,巴哈我大哥 永遠的神
iloveaaa,為了鬼滅復費一個月!
mp9060,簽
h0963982867,巴哈我大哥
gary94074,巴哈我大哥
brightwinnn,大哥我愛你
Betty0417,巴哈我大哥
doremi122911,巴哈我大哥~~~
mm680519,巴哈我大哥
xikeweiya,巴哈我大哥!!!
BHSN00003n2x,大哥沒有輸
weil9777,巴哈我爺爺
k0511jocelyn,巴哈我大哥
gginin63,付錢真爽
Subdued,股東大會
Wei1688,電影院看了 但這裡還在看一次
yoyotomqoo,巴哈我大哥
kenny2016,謝巴哈
y369478,大哥
Outer0321,紫羅蘭的什麼時候也會
Starkmo,付費基本的
z1935jup,歐 歐 歐 歐 歐歐歐歐歐  歐 歐歐歐
s961476624,付費付費
JOHNNY1300,巴哈萬歲 巴哈我大哥
missyou184,舒服
kaneki401,大哥沒有輸
kart8675,阿拉花瓜我大哥
dormilk,巴哈沒有輸!!
oscar147,巴哈永遠滴神
toushirou,大哥
qoqoo,簽
amberchuzhan,巴哈我大哥
giselle1106,大哥我來了!!!!
BHSN00004s63,簽
p50125012,2021/08/01   大哥沒有輸
asd966900012,我是免費仔
Lin9453,2023/6/7
BHSN00003n2x,大哥沒有輸！
XiaoYi87,巴哈我大哥
Angels0324,不用付費了~
aesop713,請問這裡是股東會嗎？
kklee008,大哥沒有輸
sophie14339,已經不用付費也可觀賞了，開心。
lucas1369,講甜甜圈的給我過來
roger95221,巴哈我大哥
saver0087,付費推
BHSN00003pqb,簽
song8998,大哥沒有.......梳頭髮！！！
mashu52,好耶
s104141,我免費仔
shuaishirend,讚讚
march68,"為了大哥, 會員了..."
t3r3jax6,付費讚
wizards251,大哥沒有輸!!!!!
yo040117,股東會ww
PaMao, 付 費 彈 幕
Magic948777,5/10大哥生日回來回味QAQ
wei0720wei,為了大哥買會員了！
i24j28,股東+1
weft7150,2023 回來燃燒心靈
Darren87,免費仔來了
Cheers7777,大哥我來了
Lisoans,付費就是爽 巴哈我大哥
dbsk520,大哥我來惹QQ
sm72497128,大哥哥沒有輸
c213253,看啦 哪次不看 直接看爆
D0742608,看廣告看好看滿
RYAN950818,付費仔的勝利
aea690607,感謝巴哈
matt2004,刷啦! 付費刷N次啦!!
jerry5456,免費仔也勝利！
pupss940,巴哈我大哥 免費仔來了
BHSN00002p3c,大哥
duffdiy2,巴哈我大哥 付費多一年啦
a46342101,免費~~
boryuan1024,資本主義萬算
Amerin240,巴哈我大哥 木棉花也是我大哥
yh031414,八餔
danny6407,巴哈我大哥
nakayamamiho,正雄，水電爸爸！
qoo12369874,免費仔+1
Hongyuxuan,MASAO
t3138653,。
q12347822021,巴哈我大哥
Happybike,免費仔+1
ad22335,為了重看電影版買了會員
lmps40112,免費仔+1
Coffee18Cool,真·付费弹幕
cow246988,精華請按7
nakayamamiho,正雄？水電爸爸？
roger95221,開始了
a128824,免費仔看不到來洗頻分，讓我來校你們一波
qbq0428,我看五次
xie5210,免費仔
csakura,刷起來
nisyuvan,5
za454512,謝大哥   永遠是大哥
Sophia950630,謝謝
light390,為了再次看大哥付費也甘願啦
danceinsky,為啥較股東會?
d56798ss123,巴哈大哥
toastkuo,太感動了！
ko66618,考哥～
BHSN00001wb0,考哥
j710042,太神拉
tfx5201314,签到
starxiao0202,01
yoohoo1207,免費仔的我來了
eliotgame,巴哈我大哥!!
cc85116tw,大哥！！！！
z8lkk520,ㄍ
sophie14339,已經可以付費收看了，早知道就不要用mod了。
Pn123,好爛
ck290996,主公大人QQ
charlise7788,為了看這片付費
marlopaery,為它我又付年費
dormilk,可以暫停看猗窩座了~~~
army20131306,為大哥買會員
rexavier81,又免費啦
eddieliangg,放火
aa2598741,kelu
XioD,很可惜 1945年前只會更多
BHSN000043cm,靠
BHSN00002p3c,聲音好聽
salvator717,??????
kyo811041989,已經在電影院看過了 可是這畫質 好美阿~
trtt5n2mgq,一人100救救我大哥<巴哈>
aaaa19971999,輪迴眼
a22988265,太太你好票釀阿
mashu52,飛碟社太強啦
john890304,怎麼了又
sophie14339,已經可以不用付費收看了早知道就不要用mod了
syu0612,欸乾 我從電影院刷到Netflixಥ_ಥ
Alice6969,主公CV：森川智之
emome0406,白眼（X
s0912038113,我愛依霜
john890304,一天天的
nba404018,哈密瓜
Kenluy,好的作品不需要那麼多彈幕
zm721837,大哥...
wbt77,我還沒上車！！！
sean83225,好作品，好的觀眾，台灣人讚
john890304,出軌了
aa001199,WTF
Terry2000666,BYG口罩讚
Ed890522,出發囉
trigunfire,///
iminyin,上等牛肉便當
Pn123,死了
lcha04628,耳機超爽
James1416,巴哈我大哥
stanl0824,我有
C107152120,666
abc980812,微大聲
Outer0321,顏色真棒
Wc09487,不用懷疑，我就是來看炎柱怎麼死的
yh031414,炭 逸 豬:簽
awer550,0.0
oscar147,心中 有4K 看啥都4K
nhk12345,付費會員簽
BHSN00002p3c,上車
cb201957,電影院七刷路過……
u831211,看過4D椅子的覺得很值得
a70270a,逃票仔
Ahow666,去電影院坐過豪華座再在4年後回來看
K790117,豬突猛進~~~
klhmrtuse197,BGM好評
xd8745,看著ROG的螢幕，看著ROG的頂級耳機，根本享受
levilovers,我電影院20刷...
K790117,我4刷
god056257,沒買票阿
tsung850719,留下或是帶我走
kingisme14,豬突猛笑
BHSN00003n2x,大哥快下車！
nancy60826,豬豬笑聲wwww
stknight410,巴哈我大哥 大哥贏了
Hank150118,歐巴桑
hllsema4ever,太善良了
klhmrtuse197,請停止你的松崗行為
levilovers,1場2D  1場IMX 18場MX4D
shyneoo0625,耳環聲真的好評
gta7,又
zxc0711,4場2D 4場IMAX 22場MX4D
BHSN00003n2x,炭炭小天使
aa001199,不要睡了嗨起來
yuki970218,一打開就開始鼻酸😭
BHSN00002p3c,後面會哭爆
dosomethings,當你看到網拍在特價
Ahow666,我也是看MX4D，椅子舒服到差點睡著
roblox548ik,第一次坐車的少年
a3296963,狗轉身成人
f55661110,拖著褲子WWW
K790117,貓頭鷹:舞麥---! ! ! !
Sheng0918,X格五麥
dosomethings,買！
thewolf0918,我買!!
ASI940605,屋賣
peterlinsh,螞蟻!!
brightwinnn,嚇到 我聲音開超大XDD
BHSN00003n2x,哈哈哈
Ahow666,無賣！！！
ji87,嗯脈（台語）不要
JJHH09876,\我愛巴哈/\我愛巴哈/\我愛巴哈/
thewolf0918,巴哈我大哥!!  我大哥巴哈!!
aa001199,嗎屋
Ariel223560,哈哈哈哈哈
alphatata123,在大聲些什麼啦~
abcd90270,這畫質也太好
linziting790,嚇到了
pijhs20,當初看imax，真的很棒～
ben61203,讚
n126330381,"+1
+1"
ad22335,+1
PaMao,五賣！
suifish,五賣
ESG0980,如果再來個閃光的哈薩威...巴哈我的神
ASI940605,初見 電影版
bobo3056,有螞蟻
wyuande,五賣！！
eddieliangg,錢
rcmxgod,全村的便當
Outer0321,+1
Yuxuan159,有螞蟻
aa001199,買
aasd5566777,屋賣
maxint,我也餓了
Pn123,你們的大哥被坑死了
Hokuto625,抱抱帥氣的大哥~
BHSN00003n2x,火焰貓頭鷹
Corrine1107,老公
gameboy0327,齁甲！
trigunfire,WWWW
peterlinsh,螞蟻!!!!!!!!
lufuxpert,霧霾
Yuxuan159,大哥耳膜破過所以講話大聲
tc487,餓
yiiiii1007,大哥
bracelet419,我是其他旅客 會想要他死
Betty0417,最後的晚餐
wguanyu,咖哩拌飯~~
SF0210255979,賣
jenny71094,是大哥~~活生生的TT
song0925,耳麥!!!!!!!!!!!
thelastdog,wwwwww
BHSN00000uzm,有螞蟻
Wei1688,大哥！
uukiiiiii,五螞蟻
Papaya12,五螞蟻？有螞蟻？
mashu52,擾民
a3547738,腳尾飯
asdf1010215,有螞蟻窩笑死www
ilovehyunjin,要怎麼用雙語
cxz227821,五麻蟻
chengbiyue,うまい
neo2009,歐買
BHSN00003n2x,嚶嚶嚶
zxcv61201,入夢了
y369478,路人疑惑
Genjitsu009,其實也買了票啦~只是要躲警察
irena1222,umu
BHSN00004gxv,彌豆子被禁閉play（x
BHSN0000097q,ㄏ
chen075656,彈幕也太屁
eddieliangg,WuW
zz8895594,萊納 你坐阿
sbg59487,松崗崩壞了🤣
BHSN0000528i,松岡壞掉了
a70705aaa,哈
xxcc8899,-1
y369478,路人:什麼???
JOJO0976,我射了
ck290996,炭坐姿可愛 <3
chris88618,尬聊
hotdog41509,哈
mashu52,附和大師
dio12345678,沒人嗎？
hotdog41509,喔
JJHH09876,我大哥 大直男
ji87,直男意思：有直又挺的男人
s1120106,大哥我的菜
Yuxuan159,嗯姆
ivan1009,尼祿4ni
Aa8918342,不知道！！
aa001199,亢奮
shsf2,mmm
BHSN00003566,Nani!
yoyo20090317,www
dio12345678,杜菲舒斯那個給我ㄉㄨㄥˇㄌㄟ
Happyluck0,UMU
Cj9291,屋姆好Q
thelastdog,哈哈哈哈哈
maggie6121,大哥從一開始就想拐炭炭
G8person487,flag立好立滿
a85423877,尬聊
w28147605,炮
ark88175,假面宅別刷存在感 一般人看不懂
chengchaney,假面騎士超棒
eagle871110,火影忍者？
kittytow108,原神？
H40356249,我要成为秀柱
yuchiao8787,秀柱的等等
diablo2saker,炭治郎可是頭柱呢！！！
BHSN00003566,你的flag 已送達
ztsungchang,頭柱
wasdq,彈目...
joy0808,耳朵受傷和眼睛瞎了不一樣
chen075656,幕
soonkyu515,大哥值得信賴  充滿帥
BHSN00002jta,打破www
aa001199,笑死
duncan85127,路人:???
xw461413,依呀～
easonsun,盧客兄
bui39520,路人:ＷＴ？
aa001199,跳車
K790117,一鴨~~~~~~~~
Aa8918342,RRRRRRRRRRRRRRRRRRRRRRRRRRRR!!!
BHSN00002p3c,經典表情
terry126,重倫
s1326520,RRRRRRRRRRRRRRRRRRRRRR
Sb8350,路人：XD
trigunfire,ㄚㄚㄚㄚㄚㄚ
aa001199,RRRRRRRRRRRRRRRRRRRRRRRRRRRRRRRRRRR
aa001199,WWWWWWWWWWWWWWWWWWWWWW
aabbb12,驗票裝睡
b9723084,BGM : 鬼來了
ssi9917684,大家好乖XD
sofia930293,妹妹要買票嗎
Genjitsu009,這血鬼術超棒的!
free890124,嗯！彌豆子沒買票！
josh5943887,1
erichuang80s,彌豆子沒車票
JJHH09876,逃票拉
maxint,妹妹逃票
ark88175,妹妹又不是人買啥票
kid1225,大哥美顏>////<
a85423877,害我想起來炭四郎的車票不見了
xw461413,帥
aa001199,彌豆子逃票欸
u831211,氣噗
Yuxuan159,這裡是夢嗎
vyttnbrp68,哈哈
anuew0402,超燃BGM
PaMao, 大 哥 拔 刀 ～ ！
SB0903903923,巨石強森登場
Pn123,大哥輸了
aa001199,嚇到
ois2n000,大哥(;´༎ຶД༎ຶ`)
whps108200,大哥
lilchengx621,太帥了⋯⋯⋯
abc098696317,波妞臉（X
PaMao,哭了
xw461413,欸波妞臉的那個給我回來w
BHSN00002p3c,帥
a91101021,大哥帥爆
stsamsamsam,大哥沒有輸🤣🤣🤣
PaMao,謝謝，聾了
Pn123,死了
diddywu,幹 耳朵爆了
PaMao,謝謝，耳朵聾了 ^_^
Amuro330,大哥帥炸啦
BHSN00002p3c,經費爆炸
ksina,耳機黨好評
suifish,火炬特效真的帥
oscar147,突然大聲
Amerin240,戴耳機真的超爽
aa0214x,BGM水平高到不行
aa001199,阿~~
NSSFAFT,😍😍😍😍😍
NO09270erk,不知火舞
Wei20010714,芙蕾雅
neo2009,電影院看知的不依樣
PaMao,　洗　拉　耐　～　！
Eunice0214,經費
ksina,推耳機
ray11126229,三下五除二
aa001199,愛上了
s1326520,體操選手
suifish,帥哭
Aa8918342,暫停學動作
richard68885,水水水
Darren945,性感的舞步
lolucky531,SEXY
chenhungyang,糟糕的姿勢
a444444444sd,爆雷母湯
JJHH09876,出腳可以嗎
kenlin1234,奇行種
q11210507,其次第二就是風柱實彌
laibigwet926, 鍋爐爺爺是你？！
coverw2,公主抱💕
ksina,帥慘
thelastdog,大哥太帥了
a5180742,大哥抱我
ruby830301,我也要大哥抱抱QωQ
kokakamui,我也要大哥抱抱
thewolf0918,帥~
Pn123,為了了炭治郎而死
oscar147,萌大奶
iceandfireTW,這環繞音效，耳機黨狂喜
BHSN00002p3c,抱我
aa001199,大哥我也要公主抱
j0920181,暫停學動作
tsung850719,我的炎柱呀 帥慘了❤️❤️❤️❤️❤️
mashu52,賠償費結一下
aa001199,我也要這種圓規
kokakamui,大哥，我也要當弟子！(∗❛ั∀❛ั∗)✧*。
GG8G8,畫風突變XDD
scpkarl,牛頓: .........
Yuki711380,人體旋轉
PaMao,起飛wwwww
Exiles,打包www
ois2n000,笑死河狸
xw461413,哈尼根？？w
hllsema4ever,大哥
rcmxgod,噴射氣流攻擊！！
ming0624,大哥！
Darren945,我沒付費欸為什麼我能看
iooiooiooi,暴牙笑死
kokakamui,炎柱強度排行第二，還說他不強-.-
MgCuLiZn,畫風突變
kokakamui,你是跟繼國緣一比嗎？=.=
ryan93113,排行第二是風柱啦==
Darren945,我的彈幕
K790117,阿膩雞
xbax00159,ZZZZ
ois2n000,就讓我附身炭治郎1秒中▄█▀█●
ji87,"@Kosova:honest reaction
●
█▄
█ ▄█▀█●"
ohgoodboy0,❤️
maggie6121,煉炭煉炭煉炭煉炭煉炭煉炭煉炭
yoyo20090317,💕
BHSN00002sgq,1＋1=8
shyneoo0625,可悲之人
aa001199,聳包
BHSN00001wb0,we
free890124,米奇（不是
ray11126229,星期三
yic7817,永遠不死的手
tt567hana,等一下我真的快笑死了
BHSN0000528i,小丑巴奇的四分五裂果實
a3296963,睡的跟豬一樣
ben120755114,此時的魘夢還不知道接下來他會後悔一生
utsumi5315,The snow glows white on the mountain tonight
shen0812,豬油骨～拿來滷～
c24234595,彈幕當然少阿，因為只有付費的人可以看
aa001199,我也想進入大哥的夢
Benson0966,(・∀・)
BHSN00002p3c,要哭了
Gay123bl,我沒付錢我是怎麼看的
wguanyu,我沒有付費欸😂😂
XD774650,財富自由真香
dadaya,其實很划算
ck290996,整部炭的夢境都令人難過QQ
eddieliangg,╭∩╮
Benson0966,真讚喔
Ryanhsu0902,不用錢～～～～～～
sa252565,首先保持冷靜
shoda5566,BGM好評
Shenggg0804,喔機死給
sdertyuiipaq,要錢?
aa001199,NO money
shyneoo0625,無處不在的耳環聲☺️
lcha04628,死人說話了ლ(́◉◞౪◟◉‵ლ)
leo0011,人家是賣菜郎，你是賣碳郎
BHSN00001wb0,屍體在說話
Wc09487,一定是因為賣太多碳所以刀也是黑黑的~
s103101,真香
xbax00159,瞬間更衣
D0742608,趁熱
mashu52,花江夏樹辛苦了
supremeEKKO,TAT
iooiooiooi,嗚嗚
BHSN00002lbr,眼眶泛淚了(;´༎ຶД༎ຶ`)
a90225575,可以不要再提到他嗎 他根本不配
ringochan325,魘夢RRRRRRRRRR
linzzzzzzzzz,wwwwwwww
ksina,Wwww
bracelet419,大哥沒有輸，只是死掉而已
miffy5241,回來看下弦一其實蠻猛
dio12345678,平川❤️❤️❤️❤️❤️❤️❤️
ya104729,小粉紅算人嗎
k47288274,花京院你怎麼在這裡
ben120755114,他們會感受到然後醒來
BHSN00004197,殺生丸比炎柱強
sofia930293,兵長
zcxc32207,不同作品是在比甚麽? 卡卡羅特最強
Pn123,哈哈哈
jxj220,全面啟動?
shen0812,數羊的給我回來XDD
axeriot,人與人的連結
Pn123,起內鬨
dogee,7-11
fire918,你難道沒發現妹妹少一個？
oscar147,太太我喜歡妳
i931227,你媽真美麗
bnluea337,太太我喜歡你
BaNanA912,太太我喜歡你💓
shyneoo0625,六太伏筆+1
ji87,紅豆泥
Bobird0131,妹妹比較可愛
Pn123,死了
ksina,QQ
knight714,妹妹超可愛
BHSN00003zj5,中國是台灣最大的離島
lolucky531,控CALL LOLI
zxcv61201,西台灣
yuki970218,控八控控
PaMao,我也想睡...拜託你了 QQ
Dong148957,空，口肉裡
JJHH09876,空溝樓李
zxcv61201,控! 口羅莉
PaMao,請讓我待在夢中，魘夢大人QQ
aa001199,控~ 摳摟裡
Turkey627329,彌豆子呢？
yuki1130,禰豆子不在這裡
kietanan,哈哈是我啦
weil9777,真的不知道哪個是彌豆子欸
jack89062916,深海少女
doa123123,夏禕
mq369999,善逸放開你的手 該醒了
shoda5566,怒
ksina,笑死
a29042432,太誇張了喔
tycdssax,怒
dragono,這肯定是做夢 快醒醒
c8976680,醒
c8587368,2022/1/18
Yuting916,2023/11/3 10.25PM
riria,醒
AA9705301126,2023/7/2
chengbiyue,ぜんねず！！
nf0615,醒
fsvs812041,終於講一段話了
MgCuLiZn,ｼｬﾍﾞｯﾀｱｱｱｱ
lolucky531,醒醒
AccessChen,？
Niu0915,醒醒
trigunfire,?!
qscwdvefb,醒
rstall39415,會說話了
wbt77,醒
BHSN00001wb0,芜胡
shen0812,鴨呼～～～～～
Adam32110112,2023/5/11 留<3
a25346005,如果是我我也呀呼
manlucky1688,23 7 4
s0955130227,醒
shyneoo0625,你真的想太多
BHSN00002p3c,便人了
s103101,人家是第一次.......///////
aa001199,呀呼
shoda5566,可愛
JJHH09876,臉XD
fantasy074,(●♥️∀♥️)
pppanher0524,他是平時太孬不敢打，要睡死壯膽
BaNanA912,很爽
wxm0301,xd
scpkarl,夢中夢
Xiaorou2008,....
tsung850719,這裡我真的笑死
s0955130227,也太鬧wwwwww
AccessChen,？？？
aa0905270292,...........
shadowsparks,畫風完全不一樣wwww
yueliang0928,????????????????????
aa001199,竿蓁的笑死
iooiooiooi,勞贖
BHSN00002p3c,可愛
soonkyu515,豬豬的動物森友會
scpkarl,????????
BaNanA912,這直覺真敏銳
SaPIus5,豬豬的直覺
K790117,豬豬探險隊wwwww
aa001199,每個都變畜生
prazheikj145,？？？？？？？？
NO09270erk,🐗🐗🐗🐗🐗🐗🐗🐗🐗🐗🐗🐗
LEON05162001,不知道該說什麼了
prazheikj145,？
Vv2002,.
shen0812,武麥
aa001199,笑聲不行欸
AA9705301126,大哥大哥 換大哥了
BHSN00004vkq,快笑死
thelastdog,祖传发型
elsalee2322,幹 我怎麼發不了的彈幕
elsalee2322,喔有了
s0803206h,ikka
f55661110,下一你出來!不是說美夢嗎???
soonkyu515,炎爸你是不是在看親熱天堂小說版
c88tm,大哥難道喜歡被罵？
jklfds84,成為柱不就是出人頭地嗎？
Pn123,死了
shen0812,親熱天堂的別跑
a5180742,QQ
alicexyz2021,美夢作過了，現在是。。。
F189795,junya！
gnokkong0505,你們是複製人嗎?
shen0812,喜歡弟弟
tsung850719,大哥❤️❤️❤️❤️
asdf1010215,大中小欸  :)
shyneoo0625,基因會不會太可怕😂
K790117,貓頭鷹3隻
maxint,基因強大
shen0812,這笑容QQ
tsung850719,我不介意四人行的❤️❤️
aa001199,染色體出事
shyneoo0625,BGM住手(´；ω；｀)
shoda5566,BGM QQ
akbocf,好誠實！！
shyneoo0625,大哥這裡的表現100分ಥ_ಥ
xbax00159,大哥的EQ真的很好....
a5180742,大哥QAQ
c123wa,6666
maddaimond,不斷燃燒自己  就是你的幸福嗎？
cow246988,炎柱工廠
c123wa,9999
c88tm,全部長一樣欸怕
duck4682,大哥的故事OAQ
cyj610006,為什麼炎柱會做這種夢?
maxint,說好的美夢呢
danny6407,哭了qq
aa001199,甘巴跌
soul2264,QAQ
mashu52,羅馬!
po8643717,ＡＳＭＲ
marcehal,兩面宿儺
light328,又！！又舔舌頭！！！
Mjsoo,聖哉:有人提到謹慎?
lin00lin00,貼心反派xddd
Xiaorou2008,宿儺
Nanaichi,感謝解說喔
szukung,還說明呢 你還挺貼心
Genjitsu009,魘夢是美人耶~
f55661110,說明了不是數數入睡，是血鬼術入睡
aa001199,統神來了
wilson88930,藝術就是爆炸！！！！
BHSN00002p3c,看起來像女生
shen0812,Ko
leon01134,直接捅人不是比較快嗎?
iooiooiooi,植物人
oscar147,全面啟動?
BHSN00004vkq,妹妹也太恐怖…..
h334434y,舔爆
WOWJACKQQ3,完成進度我們必須更深入
yueliang0928,因為大哥很熱情
danny6407,燒喔
emma20030128,靠著大哥肩膀睡覺也太甜了
BaNanA912,大哥的領域
szukung,生得領域
chenhungyang,全面之刃
oscar147,全面啟動的概念
wilkinfantw,7414
LEON05162001,經費之火
JJHH09876,反派死於話多
Devil0z0,呵呵
k0511jocelyn,這裡超帥
BHSN0000341n,趁熱
Nonom,它只是個孩子阿！！！
JACKSON2100,帥慘了大哥
s8m88cjwqv,自我感覺良好
csmmkxptf8,他不是人ouo
chenjinhon,他是柱
ljczine,大哥!!!
JACKSON2100,他們一定進過其他人的意識
k47288274,太太我喜歡你
oq140573,雅典娜太太~
aa001199,愛了愛了
BaNanA912,太太我喜歡你～～
BHSN00004vkq,太太介意第二春嗎～❤️
zzz320000,根本8+9家庭 老婆正 單親 生一堆 窮
zzz320000,爸爸還跳將
c0928298711,跳將笑死
BaNanA912,大家的太太^_^
fire918,你真的忘記少一個妹妹欸炭治郎
tgtg1010178,兵長
ck290996,砍樹的姿勢很正確
JJHH09876,做夢還要砍柴Q
Joeychen96,樹：幹連作夢也要砍我
LEON05162001,禰豆子呢
shen0812,職業病
shyneoo0625,肌肉記憶
Ariel223560,唷呵呵呵呵呵
Nanaichi,刻入記憶了ㄟ
Ariel223560,呵呵呵呵呵唷唷
a47221547,ㄜｋ
mohyang1209,Am I a joke to you
shen0812,木箱！
scar7382,來了
BaNanA912,炭治郎～
mohyang1209,外送箱給我慢著wwwww
shoda5566,替身攻擊
zqrp7862km,乾我正要說 夢境替身攻擊
zqrp7862km,但我忘記那個替身叫什麼了
danny6407,真 鬼片
Nanaichi,外送箱笑死
Aa8918342,被抓交替了
p91310084,抓交替!(X)
maxint,淹死
oscar147,抓交替
hh2512708,塔塔開!!
Tks0523,內心真的很堅強呢
s1326520,太神啦
linzzzzzzzzz,wwwwwwwwww
Badguyis21,是想召喚艾主席嗎
shen0812,塔塔開欸！
a29042432,塔塔開
ya951020,艾連：tatakei!!
ark88175,剛看JOJO第6部，真的是替身攻擊!!
JJHH09876,他他開ㄟ
zxt20050622,ttk
imall11110,塔塔咖欸
a90225575,氣噗噗...
BaNanA912,內子口
co840280,想重看請按3
JACKSON2100,我婆登場
j0920181,<<要被掐死了
thewolf0918,我的天  她被掐好久
k7365116,可愛
MgCuLiZn,可愛
shoda5566,口愛
aaaa1236423,嗯~?
K790117,嗯?
loveup6,你起來阿
maxint,妹妹問號
BHSN00002p3c,好萌
Aa8918342,摸摸頭
shyneoo0625,彌豆子這輩子做過做錯誤的決定
walktosee,太可愛了，這裡重看了50遍~
xbax00159,頭槌攻擊
ben120755114,黃字很會🤣
Liueida91382,噴..噴出來啦！！！
csakura,哈哈哈
thelastdog,祖傳頭槌
JACKSON2100,這什麼可愛極了的生物
uukosama234,妹妹妳不知道哥哥的頭很硬嗎??
aa0214x,頭柱
JJHH09876,鑽石跟石頭互敲的下場
duffdiy2,不哭不哭 眼淚是珍珠
andy09163,笑死
shoda5566,QQ
childwanabe,BGM:夢からの脱出
maomao823,不爽我就燒哥哥
dennis920928,因為我誕生在這世界上
axeriot,人體自燃現象
BHSN00002p3c,爆血
s103101,是香的嗎
lolucky531,兇手就是你
ytr121620,你害的
a5534025,痛
shyneoo0625,痛
JJHH09876,哥哥只是燒起來啦
shoda5566,香
BHSN00002lbr,幹 帥爆了
BHSN00002jta,5555
yuchiao8787,米其林刀
s90755,笑死
BHSN00002p3c,你撞的
calm14,哈哈哈哈
Zxc6028,看！哥哥變身惹～♪( ´▽｀)
pocketrick,炭治郎之歌
xbax00159,淦...我要哭了..
wl02150550,太狠了
shen0812,淦( ；´Д｀)
AngelaLin315,哎呀
JACKSON2100,幹我哭爆QQQQQ
aa0214x,哭R
shitgge0916,鬼頭明里.....在說話?
shoda5566,壞
Liueida91382,太扯了...
totoro3,哭爆預警
Aovcmfxe,可惡…眼睛輸了
shyneoo0625,放過炭炭(´；ω；｀)
qwe830113,最可怕的一段
BHSN00002p3c,第一次看動畫哭
chensam1107,哭阿😭
tsung850719,這一段太狠了....
childwanabe,BGM:ここに居たい
karin895098,多希望再跟他們多說一句話...
a90225575,這裡的bgm是竈門炭治郎之歌
ethan310574,胃好痛
James013506,2023 5/20
Tks0523,太美好了 但是...
yuki970218,😭😭
joaer,2023/5/30（流）
gmailmmm,2023/6/21
iceandfireTW,2023/8/5
sjdfck5mdf,2023 8/19
shoda5566,Q____________________________Q
e3369839,2023/12/28
gtlin19,不管幾遍都會哭
Ken057g,2023年7月29日
lin00lin00,QQQQQQ
march68,"這一段在看漫畫時, 就狂哭了..."
Amerin240,花花真的詮釋得很好QQ
yuander,哭ㄌ
csjhs1080274,2023/6/20
a10060328,2023/12/26
Benson0966,bgmTWT
cow246988,炭志郎
Ariel223560,QQQQ QQQQ QQQQ
aa0214x,每看必哭
shyneoo0625,六太伏筆+7
yuki970218,嗚嗚嗚嗚🥹
lkjh4128,一定神作
shen0812,六太嗚嗚嗚嗚嗚嗚嗚嗚
Tina013109,六太你不要動qwq..
BHSN00002t12,帶耳機開最大聲就跟電影院一樣了
miyuki871123,乾 這一喊 超想哭的
gsw168,膩膩 膩膩
shoda5566,Q_____________________Q
shyneoo0625,哭到不成人形。・゜・(ノД`)・゜・。
sophie14339,這一段爆哭
a85423877,T0T
pocketrick,古賀葵
ksina,QQ
shen0812,六太這裡真的撐不住QQ
ozoz010,哭了
a5180742,QQQ
a1110024,QAQ
vm6vm6vm6,真實人生就是一場夢
vm6vm6vm6,所謂現實不過是內心映照的幻境
room0801,堅強的炭，讓人不捨的炭QQ
a1110024,Q________________________Q
Lover0317,還沒燒完的炭
sophie14339,六太QQ
a85423877,明明看過了...我的眼睛不聽使喚...
wxm0301,QQ
totoro3,QQQQQ
Devil0z0,感動
iooiooiooi,好痛
hermit764,中二病也想談戀愛
HKandyII,WinXP開機畫面
abc123abc15,恭喜找到win7背景桌面(x
jinecoke,好美
oscar147,年紀大了 看不了這些 QQ
s04416,還以為是東京倒楣鬼OP
Badguyis21,明明就是東京喰種
xcvcx885270,恭喜你!!!
shen0812,1000-7=
mike5402123,心如明鏡欸
mike5402123,心如止水
a5595199,教えて　教えてよ　その仕組みを
joaer,艾連來過：）（流）
rainbowpony,金木研wwwwwwwwww
k47288274,金木延的內心世界
a5595199,僕の中に誰がいるの？
danny51213,彭哥列大空指環
s1326520,993-7=
a5595199,壊れた　壊れたよ　この世界で
as591314,1000-3=?
tmes10102,天空之鏡
pp6260,你為你有穿發熱衣
gn02259853,大空~
oscar147,遮影步
shen0812,辛苦你惹wwwww
f55661110,辛苦你了WWWWW
thelastdog,選了個最難的wwww
shoda5566,慘
iooiooiooi,喔靠
BHSN00002jta,笑死哈哈哈
csmmkxptf8,再給我說一次裸體山豬._.
sophie14339,豬豬
Tks0523,嚇死
Devil0z0,阿哈哈
loveup6,快停止你的松岡行為W
BHSN00002p3c,最慘的
c8976680,最慘的一個
p91310084,奇行種RR
brightwinnn,XDD
f55661110,嚇到一起四肢跑步WWWW
Liueida91382,之後會發生什麼事呢？
shyneoo0625,恭喜你也遇到神經病👏🏼👏🏼
unrealshadow,來了來了www
brightwinnn,完蛋ww
K790117,wwwwwwwww
BHSN00002p3c,要被殺了
K790117,wwwww豬豬
shen0812,真的太鬼片了 笑死
a573127,GG
s973180,^Q^
shoda5566,怕
sysh610017,栖夜公主
sophie14339,暗黑的哈利波特版
geniusjvm,???????
s1326520,????????????????
thelastdog,鬼片
JACKSON2100,怕
jade23,恐怖電影嗎
stqbkw6d8b,剪掉(¬‿¬)
s1326520,笑死
oscar147,防衛意識
Liueida91382,你...餓幾天了呀⋯⋯
AAOO08310806,怠惰~~
stupidhairli,喀擦你的
BHSN00003p7b,Toys潛意識
ji87,要被淹了
xbax00159,這算霹靂一閃的學以致用嗎....
Niu0915,快笑死
lin00lin00,雖然這裡很好笑但還是很在意善的領域是黑ㄉ
gsw109,雷霆電漿!!
Devil0z0,快笑屎
a85423877,阿斯...被剪了
shen0812,幫QQ
Gay123bl,笑死
sgfdnd9v5g,哈哈哈哈哈哈
Devil0z0,阿哈哈哈
p91310084,遇到一群神經病XD
Devil0z0,欸~
shyneoo0625,沒事遇到神經病而已
a25346005,沒事 遇到神經病
MT5239,攝影師很冷喔
ptg8kbfkhv,你妹流血不是你害的嗎
tso2511109,替身使者
c0928298711,跳將的來了
shyneoo0625,線索二：爸爸提示
thelastdog,老爹顯靈
dien001,砍老爸嗎wwww
AngelaLin315,挖 主角運
shyneoo0625,等等為何不震驚？😂
BHSN00002p3c,爸爸聲音好聽
danny6407,替身使者
s910149,風之傷
maxint,砍樹
oscar147,爸爸鬼=鬼父
BHSN00003p85,砍家人
Nanaichi,砍GG
linyoyo8766,一刀砍出大結局
Baddead666,有一種父愛叫你爸叫你自殺
axeriot,RE:0
Yaoyao163,跟JoJo樣有睡著了進入夢境
shoda5566,鴨勒
iooiooiooi,他怎麼知道的啦
ssi9917684,勇耶
BHSN00002kw7,死了就神作了
QAQ666666QAQ,Linkstart
lovefreyja72,Link Start！
k0909866217,486
JJHH09876,END
pochen1204,SAO
Liueida91382,第二層
xuyunyu5,以跌
Elphelt,大家做清醒夢醒不過來的話，可以跳樓試試
s103101,第二層是在哭喔XD
weidishih,陀螺呢?
shoda5566,可愛
siumingor,inception
ccs860512,痛啦！幹！( 　'-' )ノ)`-' )
MgCuLiZn,可愛❤️
Lihk,盯~(・・)
JACKSON2100,可愛爆炸
gn00427036,鐵脖子
salina1129,紅嗅柱
H40356249,嗅柱笑死
Kola1129,紅嗅柱笑死
maxint,嗅柱
aa001199,偵探阿
unrealshadow,"善逸你這輩子值了,禰豆子先幫你燒欸"
a5180742,別叫他阿XD
linyu12345,用頭敲！！！
w20196,上二大概也沒幾個柱打得贏
awdr85047,大哥沒有輸
jacky2682286,8+9=?
hank9803,被抓那麼久沒窒息死 強!
Rickfishcake,大哥真的輸了
JJHH09876,眼睛睜不開嗎
easonzheng28,為什麼是肺結核
shoda5566,確診
s973180,1922
sppm,確診
cycpe92062,空氣傳染呀？
A951026,被幸運之神眷顧的人
CandyEat,咚
JJHH09876,剛剛不是很兇嗎
Bobird0131,上他
csmmkxptf8,他好矮：）
eliot789,趁熱
thelastdog,又來
dragono,精神鴉片成癮
zx588985,趁熱
peggytsai2,江口!!!!
az62311,大老師和黃昏
iooiooiooi,滑肩
a5595199,壊れた僕なんてさ　息を止めて
laibigwet926,  威秀寶寶
room0801,小火人超可愛的
a5595199,ほどけない　もう　ほどけないよ
ois2n000,小太陽
a90225575,我當初在猜這些發光的6個小人
a5595199,真実さえ freeze
A8977ustin,暈爛了
zxcv61201,B
shen0812,還以為是太陽
plmplm012,幹，帶路黨
m19068880,反觀另外那兩個XD
k47288274,真暖男
weigaga,義炭 開班紋也沒贏 大哥沒斑紋赫刀 不容易了
gina26868106,54088
Palien110,還以為直接覺醒黑金木
jeremyjkl1,喔嗎
s0310217,？
mnbs0304,恭喜你得了我的真傳：肺結核
job1943,武漢肺炎
BHSN0000341n,一個月沒洗
iooiooiooi,臭臭
polo4456,臭
Nanaichi,臭
ois2n000,狐臭
asery132568,彌豆子好可愛
aa001199,沒洗澡
K790117,喔嗨優
jeremyjkl1,不能
kof25,還好不是鍾配
ab0908819753,回綠字整部作品直接GG私密大
wudenlong,笑死鍾明軒
A36327wrtygh,沒差，反正一樣
zasdc128335,.
JJHH09876,穢土轉身
c88tm,他復活了怎麼偷給我提示阿混帳！
dio12345678,來，讓我看看
BEBEGOD,你很勇麻
BEBEGOD,讓我看看
wkes5678,為什麼他提到無慘 不會有事
JJHH09876,拜託 我超勇的
BHSN00000ugb,傑哥不要啦！
ALBERT202,HI
Nanaichi,防不過逃票仔阿
keroroabc123,闖進你內心的不是剛剛那個肺結核的嗎?
cchhrrii,殺呀
Haidong0728,逃票仔萬歲
iceandfireTW,反派死於話多
s8m88cjwqv,是章魚
BHSN00001wb0,墮姬大人！
jerry101672,中間猗窩座啦
zxc6551891,源氏拔刀立刻被睡XD
gn875184676,黑奶牡蠣
c88tm,烤雞要沒囉
Kratos0993,昏睡レ○プ！鬼と化した先輩！
Xiaorou2008,宿儺
H108322,早上起來宿醉的我
hank9803,帥就可以了
BEBEGOD,第四層
g0961530676,他飛在空中？
jehuen,幼稚園老師讓小孩睡覺
Xinni0411,內姆內
lzn32,數學課時的我：
zxs1310,沉睡抗性+1 沉睡抗性+1 沉睡抗性+1 沉睡抗性+1
Aa8918342,酒醉？
keroroabc123,大哥你沒別招了嗎..?
y369478,失眠的朋友
duiey,雷姆是誰
youngyoung07,藤乃4泥
Bersercar,空之境界既視感
dio12345678,的確反正炭治郎也看不到綠色法皇
Liueida91382,第九層
hank23,所以雷姆咧
GOOGLE455082,多瑪暮，我是來談條件的
s1326520,要連續承受自殺的痛苦= =
laibigwet926, 百元快剪
roger95221,剛剛下面黃字笑死
qw860712,你可以夢自己被幹掉
Tks0523,幹
H108322,這畫風挺喜歡的
hummm0000,!
p2350290,留
kad7526,炭志郎表示 我現在自殺陪你們! (清醒
zxc904410,阿不然觀眾是一直講話喔...
hummm0000,123
a21920037,全員雛見澤症候群L5
Healer1010,好狠
kj1601073106,碳老大family
c88tm,做在火車上砍鬼的夢就不敢自殺了
Liueida91382,免疫了
JJHH09876,唐老大
freefraw,作夢讓炭治郎以為自己打贏了敵人。
bobo3056,歸剛欸
c8976680,灑花完結~~
roger95221,頭:歸剛欸
ois2n000,歸剛欸
H40356249,歸剛欸
yuchiao8787,龜剛誒笑死
y369478,family punch
a22988265,黃自笑死
Healer1010,阿勒 洗ㄋㄡ
s49202271,因為我有family
chenhungyang,舒服
Agagu,說水母的笑死
ss0403,歸剛欸
b00901012,family
poipoi33,炭老大: 肥牡蠣
aa0214x,FAMILY  WWW
ztsungchang,炭迪索
R0057,歸剛欸
love1323,快自殺
JACKSON2100,他後面的兩搓髮辮我每次都看成兩隻小手手
roger95221,香腸
b00901012,g病毒?
ben120755114,當你發現boss有第二血條的時候
wudenlong,香腸排隊
nf0615,噁
BHSN00004vkq,比肺炎還屌
PENG0321,？？？
q47477467,蚯蚓
iooiooiooi,青蔥笑死
nf0615,第二型態
tuting0907,我一直把頭髮看成手
blazon,BOSS:二階段
asdf1010215,蜈蚣喔 :)
Eunice0214,經費
Xiaorou2008,毛毛蟲長綠色翅膀了
gcobs1118182,湯瑪士小火車?
Z20090121,湯瑪士小火車的概念
XD774650,小手手超出戲www
BHSN00002p3c,神經病
JJHH09876,自問自答
unrealshadow,考官洩題?
ksina,Wwww
JACKSON2100,後面兩隻小手超可愛
yukiji9258,他讓我想起一個噁心的東西 湯瑪士小火車
LEON05162001,大腸頭
LEON05162001,大腸頭
eliot789,不講就贏了
xiangchi1119,超大蚯蚓
richard68885,反派死於話多。
Haidong0728,要進化成什麼東西了嗎?
dragono,反派自曝弱點
Devil0z0,火車與鬼的連結
K0976129343,湯瑪士小火車！！！
tsung850719,天竺鼠車車
JACKSON2100,反派死於話多
a85423877,反派死於話多
yiuwang35,反派死於話多
a5180742,真是貼心送弱點
squirtboss,難過豬豬要打火車
bui39520,不講就贏了XD
Devil0z0,唄
Prongon809,一臉看智障的表情
AAa03190319,ㄉㄡ雞雞
asdf1010215,雞雞 :)
Devil0z0,欸
ois2n000,波利出動
vinyl974,ㄐㄐ
kokakamui,一豆雞雞，笑死www
zxcs336012,感謝解說
wudenlong,歐洲大蟒蛇
yoyo20090317,臭臭泥？
love1323,垃圾話多
stupidhairli,湯姆士小火車
z2608060686,反派死於話多
Haidong0728,聲音也很噁ㄟ
gtlin19,烤全豬XDDD
ps284117,烤全豬
dragono,七分熟
aabboodd88,真香
a91101021,烤豬
Vincent54560,安安
bui39520,7分熟XD
sh991313,星報覺醒
LEON05162001,不要再掛網了
Haidong0728,網路終於連上了
cl930714,並沒有
lkjh4128,???
edwin42908,欸不是耶
asd3691471,噁
xw461413,大腸？
a2871736,0
gcobc20768,垂直四方斬
a5595199,C8763
gamer0605,睡得不錯 精神很好
aabboodd88,你怎麼還在這
BEBEGOD,沒帶頭套喊的話會感覺怪怪的
H108322,超像癌細胞的
hidan13524,湯你瑪士小火車的腸子來摟
NSSFAFT,大腸
BlueMoon2,肉肉火車???
Jkop4567098,青之驅魔師
asdf1010215,要奪多
wxm0301,別想歪
q47477467,下雨天過後的操場:
darkbacon,當你縮小後進入別的肛門發現奇異生物Be like:
NO09270erk,那個說別想歪 害我想歪了WWW
asdf1010215,笑死
asakiricu09,觸手play
q47477467,乾 怎沒女乃
wl02150550,好色喔
Baddead666,所以這裡是....肛門裡嗎...
Eunice0214,www
K790117,貓頭鷹:嗯姆~
xiaoloshi219,杀生丸砍奈落
aa7487,散魂鐵爪
SALA1104,因為kay來的+1
darkbacon,指甲不會卡肉嗎？（感覺很噁
asdf1010215,捆綁Play
a26509104,用血鬼術會耗血 失血會想睡
dien001, 放開我老婆
laughxD,自帶BGM的來了!
mq369999,觸手play
LEON05162001,這裡有片片嗎
leon01134,一不小心乘客就爆頭了
tamama10269,還缺一根
q47477467,我也有:)
darkbacon,謝謝大家，我的主帳號來了，帥死你們
fsvs812041,來了
BHSN00001wb0,大號上線
szukung,來了來了他來了
liw1219,帥爆
cocoisq013,胃食道逆流
s0870024,代打 以上線
magro517,是說豬豬也在夢裡自殺了嗎
thelastdog,你永遠可以相信辣個男人
A96455,太狠了
roger95221,終於要帥起來了
Hunter950504,其他人是因為彌豆子燒掉車票才醒的
howard830924,：你誰??
q47477467,米洛斯嗎
sh1001102,Hekirekilssen !
zx588985,老公來了
ztsungchang,白癡 你睡錯人了啦
ois2n000,閃電俠？？雷神索爾？？
sophie14339,101招。
LEON05162001,電燒大腸
s4565271,帥!!!!!!!!!!...........不到一秒XDDDDD
gn00427036,燒熄肉
unrealshadow,還wwwww在wwww睡wwww
a5180742,還好你沒醒XD
ois2n000,立下了中二的flag呢🤣🤣🤣🤣
s103101,doki~
roger95221,該換哥哥了
Amuro330,帥不過10秒🤣
k7365116,帥不到一秒w
yiiiii1007,笑死
a12488725624,我就知道還在睡www
a5534025,笑死
JACKSON2100,騷年 你睡著是真的帥
m20090523,帥不過幾秒
DAS530520,帥爆
howard830924,並沒有
bibigood888,善逸還是睡著比較好XD
qwe851028,話說炭治郎沒看過善逸放招 所以一直很疑惑
bibigood888,他還是不要醒來得好
monica78999,別醒比較好hahaha
iceandfireTW,水果忍者笑死🤣
asx33503,閃亮登場
suifish,大哥終於出現了!!!
vanessa09038,UMU~~
K790117,帥不過3秒ㄉ男人:31
tsung850719,我的大哥呀
vanessa09038,よもやよもやだ
happynomore,輸出醒來了
zxc110485,確實
q47477467,笑死
Worderking66,6666666666666666666666666666666666666666666666666666666
asdf1010215,其實滿像寄生蟲的
leo901225,在你肚子上
q47477467,何か
g0961530676,暢通
laibigwet926,奇異～火燒心～
Hannah951109,大腸癌
LokiCjn,火烤就是美味
cow6956,好像有什麼東西進去了!?
j0920181,火氣太大
gn02762395,奇異火燒心
a5595199,胃食道逆流了嗎?
zx588985,烤肥腸
eliot789,火燒心
loveup6,紅字你太會了...
aa0214x,胃食道逆流
BHSN00002p3c,太帥
nf0615,火燒心
lovekill0102,灌腸
happynomore,火燒心
Aa8918342,胃食道逆流
k7365116,，紅字笑了www
BEBEGOD,肛門少年
q47477467,靠腰 笑死
peter61836,番茄少年
Jayjeremy,番茄少年快笑死
asdf1010215,嚇死
tom19871017,門沒開你怎麼進來的!?
darkbacon,大哥：簡單來說，鬼現在就是胃食道逆流了
xanderfall33,奇異 火燒心～
wac21314,閃現
BHSN00003akt,*7
a29942365,*7
sm72497128,胃食道逆流了嗎？
Wc09487,青春豬頭少年
ping870224,青春豬頭少年
thelastdog,豬頭wwwww
maggie6121,突然靠近嚇到炭炭了啦
s1120106,我老公真帥
K790117,貓頭鷹~~~~~嗚嗚嗚嗚嗚嗚嗚嗚~~~~~~
iceandfireTW,high high
AngelaLin315,？殺老師膩
cozycody42,鬼的構成要素：脖子
kid1225,帥!!
mohyang1209,溫馨提醒：您已經在室外了喔
Kim1230,手鬼
shyneoo0625,野豬驚恐
monica78999,掉san值了
Feng0403,我也想抓肌肉.....
love1323,撕裂身體
trigunfire,XD
NO09270erk,WWEEEEEEEEEEEEEEEEEEEE
aa0910aa,YEEEEEEEEEEEEEEEEEEEEERRRRRRRRR
danny51213,WRYYYYYYYYYYYYYYYYYY
ss0403,wryyyyyyyyyyy
zongdog,WWWRRRYYY
chenhungyang,wryyyyyyyyyyy
Eunice0214,RRR
chenjiadiaan,姨---------------------------------------
cozycody42,WRYYYYYYYYYYYY
love1323,想看豬被歲深
sorry11,rrrrrrrrrrrrr
a85423877,Weeeeeek
yiiiii1007,辣個男人????????
nealt0304,牛頓會從墳墓出來
morris1357,簡單講就是慣性
c88tm,柱來砍不是比較快ㄇ
pomelo1005,互動好可愛😂😂😂😂😂😂😂
h9rkq98gt9,談談二
xikeweiya,反觀炭炭的反應
xikeweiya,，就知道他和家人的感情多堅定
h9rkq98gt9,ㄏㄞˋ
h9rkq98gt9,有人在嗎
b0010593,沒人?
Hunter950504,論戴眼罩的重要性
Liueida91382,好美喔
g0961530676,會混亂
XJAPANToshl,看來作者也知道這裡不能讓善逸上
kevin410217,強制注射高端
maddaimond,幸好不是打BNT 不然直接死了
sin7318,刺刺的
leeyu961109,付費仔就是爽
childwanabe,BGM:碧羅の天
sophie14339,日版BD有付BGM。
aabboodd88,TIDA
abcd90270,TiiiiiiiDA
maddaimond,自己懶得查  也不想思考  所以用問的
drugman12,disgusting
Lu09090,恩
aa0214x,BGM好燃
wxm0301,根本兵長
st0602899,一點也不影響輸出
verdure,殺!
wxm0301,兵長砍鬼
dio12345678,星爆氣流斬
spp90440,切斷屬性增幅150%
a90225575,ヒノカミ神楽
a90225575,碧羅の天
iceandfireTW,黃字笑死
tsung850719,ㄏㄟㄎㄧ那羅天
RV160133,不的不說這一幕畫面真夠炫
kazegatsuyoi,WRYYYYYYYYY
nyy1991,醬燒茄子
dark90226,奇居子擊破
q47477467,:)
brianzz007zz,幸好是頭著地
cow6956,10分
pomelo1005,😂😂😂😂😂😂😂😂😂😂
hi4u2wcw11,你可以得金牌了 豬太郎
JJHH09876,10!
cozycody42,boing boing
LC59001,boing boing
ben120755114,風太郎
iceandfireTW,這裡斷氣就完結
verdure,本片節術
Wei1688,+5
a85423877,+1
JJHH09876,+3
ois2n000,+4
ois2n000,+5
Xiaorou2008,+5
q47477467,+6
ruby830301,+7
tom19871017,真的死了算了
Sumireko0125,+9
finna951,+8
Nanaichi,聖母
ois2n000,先替你穿壽衣/撒白花/買棺材
ruby830301,霸拖QQ
shyneoo0625,臭傲嬌
jessice0707,豬豬好暖 手一直扶著後脖頸
melador08,腦中一直浮現爆豪
qwe851028,伊之助也是很暖，是火肥肥吧
thelastdog,傲嬌
ois2n000,變一拳超人？？
patrick0214,正片開始
TimACfan,假髮要來了。
xw461413,不要亂立flag啦( ×ω× )
Nanaichi,0
love1323,一定會的
spp90440,以下為檢討大會
BHSN00002p3c,精彩的要 來 了
nealt0304,湯瑪士那個給我回來
CC961202,專屬BGM割要來了！！！！
aaec0857123,露西亞 Boing Boing
syu0612,小手收
qwe830113,40幾個都被刪除了嗎
a26509104,一開始就出場會被察覺鬼的味道柱不是擺好看
thomas910901,為什麼不是怪炭治郎ww
K790117,假髮:我是猗窩座!!不 說錯ㄌ是桂
Nanaichi,4
unrealshadow,你讓他醒了大概贏面會大一點www
z29360949,因為開了飛航模式 連不到無慘
thelastdog,飛行模式笑死
st1121233,重點是魘夢沒有走馬燈._.
Wryzjf,米蒂
gee306,WIFI 笑慘
c88tm,不是阿你自己也話多XDD
spp90440,爛掉了耶
ois2n000,阿都你自己亂立flag/學湯瑪士車車
bobo3056,阿你就垃圾話多
BHSN00002p3c,話太多
JJHH09876,心一跳 愛就開始煎熬
sean921213,別再稱讚敵人了拉
s973180,現在是讚美大會嗎
bikevts,如果我長榮有賣在223...
Nanaichi,88888888888888888
kurumi30218,話一堆
a1110024,寫心得
ois2n000,1黑死牟2童磨3猗窩座
heidy0126,童磨！！！
yueliang0928,墮姬他哥勒？
st1121233,半天狗是上肆吧
kgtty840311,4
Nanaichi,因為你廢阿
spp90440,檢討大會結束
asdf1010215,認清現實
wpxsy005,又菜又愛罵欸⋯
Annile1010,嚇到
phalexlam,YODAYO
BHSN00004gxv,整片開始！
R0057,整部片的重點(ノДＴ)
s8m88cjwqv,是999999999999999999步
ktchen2006,明明就是99999999999999999999999999步
lloll1109,大哥快走！！！
qwer11153050,現代醫學奇蹟 👌不用醫生了 呼吸止血
syu0612,你止不住？ 可能不夠集中喔
Nanaichi,動畫不要在意
BHSN00002p3c,精彩的來了
love1323,不先包紮嗎==
ois2n000,工作細胞？？怎麼畫風變了
xw461413,生小孩
imall11110,做不到
Nanaichi,做不到
a3662892,食指
BHSN00002p3c,正片要來了
spp90440,嗯姆!!
tsung850719,現實中集中精神大概會噴血而已😘😘
tom19871017,要生了!
iooiooiooi,透視眼
i307517194,血小板強烈抵制過勞行為！！
ccupsassault,跟不孝子女想的一樣還會喘氣就好
kurumi1221,???
Sue950802,那個蒼藍鴿的給我站住 交朋友嗎（不是
jenny890221,※並不會
jvw1000170,菩薩的笑
kodwtz,1:21:10 猗窩座登場
Lucaslucaslu,倒數
cx47897,正片開始
zhu25700,大哥
K790117,阿猗~~~~~~~
aa0214x,正片開始...
k7365116,辣個男人來了
howard830924,辣個男人來啦
andy030622,我的大哥來了
s20h18zz,正片來了
kkplay89719,辣個男人來了
chonos,哦最期待的辣個男人
Lincheng422,做甜甜圈囉
a91101021,QAQ
xio0906,甜甜圈製作者來了！！
BHSN00002p3c,要來了
ozoz010,來了！！！！
ynfxqh,魘夢QQQQQQ
CC961202,BGM割來了！
hc445070,辣個男人終於來了
f86658053,自帶BGM
dio12345678,高潮了！
MTpig,自帶BGM
fsvs812041,正片開始
ji87,甜甜圈
zhu25700,正片开始
keny032124,是辣個男人
k7365116,自帶BGM的男人
qwe830113,麥當勞歡樂送
ab0908819753,辣個自帶BGM的男人來了
wei9805037,辣個男人
irena1222,正片START
loveskybye,BGM響起
a12488725624,正片終於開始了
Nanaichi,你ㄇㄉ給我滾
st1121233,帥哥來了，猗窩座
andy030622,真正的贏家
k47288274,不是鬼，是桂
asopuun5961,那你肯定沒仔細聽😂
asdf1010215,自帶BGM
x920501,狛治
asopuun5961,要不然就是我木耳 我聽不出來😂
S09777,為什麼他會出現
ruby830301,查水表!!!!!!!
a91101021,這BGM真的燃
Z20090121,666
sophie14339,石田璋....
a880202tw,大哥QAQ
akira0096,辣個男人！ 石 田 彰
keroro375,徒手一拳一拳打上組織第四的那個男人
BHSN00002p3c,辣了男人
e26820307,2021.07.17
squat,帥慘
a453788157,不是上三 是桂
dhtgwzf9hp,超帥啦
bikevts,甜甜圈達人上線
JOHNNY1300,2021.7.17
as890904,乾他開自瞄啦
BHSN00002op0,解釋下猗這裡針對炭是基於無慘要滅口的命令
Sean920,大哥沒有輸
ois2n000,nobody anten
tim71036,他可以單手鼓掌耶
Kola1129,好色哦
iloveyou0422,乾乾，那個舔舌！！！！！！！
asdf1010215,喔齁 那個舔
s103101,我舔~
pearlwu9999,阿斯蘭！
q47477467,又舔 又舔 又舔手掌
jommygod,大哥沒有輸!!!!
thelastdog,是你 假髮
az62311,不是桂！是假髮！
zxc3627451,石頭是你?!
c8587368," 不是假髮,是桂"
chiayi8917,假髮VS神威(考哥.JPG)
abc980812,聲優直接結婚( ඉ_ඉ )太好聽
Yuxuan159,斯巴拉系
sliu39561,我愛羅
page8426,要不要當甜甜圈
h610235,如果能看到百鬼
qwe851028,要不是因為單挑還要保護人 大哥才不可能輸
A120074,你的公會邀請已被拒絕
kai7796,傳銷組織猗窩座
ois2n000,大哥(╥╯^╰╥)
keroro375,我是柱，你是桂
xw461413,ㄥ
turtle1234,是cos
aaa66,正片開始
asdf1010215,公會笑死
shyneoo0625,自來熟XD
lucas1369,我不做人類啦
lolnooblol,所以我不當人啦！JoJo!
Pony831,我不做人啦!!!JOJO!!!!!
www30381135,tan治郎
nuknad,蛇柱扛無慘那麼久你說他廢?
AAOO08310806,猗！窩！座！！
r658132,Akaza!!!!!!!!!
A36327wrtygh,cos x tan = sin
JACKSON2100,豬豬 你在拔蘿蔔嗎XD
uio60809,善逸好爽 兩個妹子趴在身上
walktosee,放開那個女孩!!
rcmxgod,左擁右抱人生勝利組。
a91101021,瑪奇瑪:要不要當鬼?   汪
squat,偷抱
chengbiyue,ぜんねず！
a7880818,不準汙辱tan治郎
BHSN00001wb0,you see see you
slirtasn,我以為我看的是鬼滅之刃
ps22706994,經費爆炸~~
Aa8918342,溫馨提醒：戴上耳機，效果很讚！
BHSN000052ui,let it go
BHSN00002p3c,帥
Kola1129,戀雪的髮髻！！
linzzzzzzzzz,宿儺喔
D50501152,Let it go
soonkyu515,大哥真的很欣賞炭炭
jason789741,HUH???? 蛤蛤蛤???
a85423877,等等~讓我先關個燈再看~要HIGH了
zz4552729,無量空處
jjeeff1234,梶浦老師上線
toby70609,剩餘項·估計
Joshyuan0427,艾爾莎？？
ww19425555,公仔姿勢...上線
c88tm,enhance armament!
mjo80206,High爆！！！
asdf1010215,太極
kai7796,專屬bgm響起
Healer1010,五條要來了
k7365116,BGM響起
syu0612,耳機黨福音(˶‾᷄ ⁻̫ ‾᷅˵)
Xiaorou2008,伏魔御廚子
eillee050814,不要在咒迴梗了（不要互相染黑
qwe830113,空氣拳登場
BHSN00002p3c,經費來了
skylove1991,正片開始
darkbacon,星際大戰
BHSN00001wb0,黑死牟一開始就是上一了
Jason970722,自帶BGM
levitate17,開血輪眼就看得到了到了
JACKSON2100,因為你沒學過全集中
a27147809,你當你在收集道館徽章逆?
oops9551,耳機黨高潮
skt777,一哥就招到人了XD
as1314877, 求BGM
darkbacon,大哥：我怕我當上參你變上四，怕你又要血戰
biung322,上三一直放水
Ggccsa2010,是放海，不是放水
a453788157,業績掛0
qwe830113,空氣拳
A110054,不覺得用拳頭打人很酷嗎？
patrick0214,hp 180
yan2415,妹妹是特例中的特例
yan2415,珠示是達到特定條件
yan2415,御史郎是珠氏的血所以沒被控制
pijhs20,像彌豆子那樣真的是例外中的例外
pijhs20,算是無慘心血來潮XD
huangchunyi,直接開掛
syu0612,火燒的
moneyjackm,拿來吧
kai7796,斯巴拉西
coverw2,超騷
d0972817379,那只是炭治郎喘了一聲
Kailun30712,END
good960059,笑死 股東大會
jiancin0525,這BGM超燃
www30381135,跟當兵時的招募員一樣
Nemoxxx,武器和徒手之間存在一堵高牆
uio60809,但是 我拒絕
y20020408,付費會員簽
kurumi30218,+1
Black21,付費就是爽
JACKSON2100,但是我拒絕
a1976375921,摳頭挖乳
icegodzilla,是童磨
qwe830113,閃電鞭～
yiiiii1007,跟我當兵的官一樣
tw0956001962,-1-10-100-1000
c8976680,我現在是在跟你說眼睛乾不乾的問題嗎
yohohoho077, 應該打不過 上二自然系還有範圍技太猛
patrick0214,我差點念成萬象天引
aa0214x,打不過
kirito960308,是天動萬象
w20196,上二大概也沒幾個柱打得贏啦
nairb40907,拿刀拿槍，是人的他用拳頭當然輸。
a32113891,頭套流汗了！！
Haleyyy,斯給
dio12345678,上二被星爆
hi4u2wcw11,如果打得過 他就不是上三了
Wei20010714,C8763
ferry,他的頭套怎麼流汗的
BHSN00002op0,不管哪個柱要單挑前三是沒有勝算的
nairb40907,上三 根本 比上二還要威。
z24508018,放大海
aian25014101,最後的警告
cabalist,上二不跟上三打，不然早換位了
qbq0428,大哥比你強多了
HWU107,來人召喚天線寶寶的太陽RRRRR
NO09270erk,不知火舞
a26509104,讓炎柱受傷成那樣的
JJHH09876,開八門
s1120106,嗚嗚嗚嗚我可憐的大哥
BHSN000035s6,甜甜圈
za454512,大哥還活再我們心中
A22406809,大哥沒有輸，只是破洞了
dog268001,阿你不會兩年後再來問他喔？
iceandfireTW,大哥沒有輸
seven60282,說好不打臉的...
BHSN000035s6,說好不打臉的欸……
AAOO08310806,一兩年後他就不在了
kai7796,蝴蝶忍更打不過   而且猗窩座不打女人
music615,竜神の剣を喰らえ
kirito960308,叁之行 天動萬象
tw0956001962,說好不打臉的
kke4226,angle
a27354689, 🔥🐯🔥
soonkyu515,亂洗?
gn01243182,嗯嗯
Haleyyy,bgm 超狂
isos90021425,幹掉了嗎？(flag
aa0214x,音樂太猛
s949521,A 恭喜 問了就沒有
albert0713w,頭斷了也死不了阿沒用
prince71522,上三給大哥喘息時間
Jayshen666,放海海
aa0214x,QQ
motel224,霞柱:???????
sakura0828,因此跟他打的時候不是全盛時期  輸了很正常
wuy62751,要少一個柱了
seven60282,嗚嗚嗚嗚
enaliao0921,大哥沒有輸
seven60282,大哥沒有輸
tw0956001962,簾煜先生X3
a105260,28
Andy20120105,加油大哥
Tony950111,哇！是x光
jack1016lm,鬼的人資
zong3484743,緣壹：Am I joke to you?
aria550709,如果緣一不算人的話
s8m88cjwqv,但是頭斷了你就回不來了
ac34452149,集！
Palien110, 熱機完成🔥
s2874760,八門遁甲 死門 開
song8998,大哥：我在等cd，你在等什麼？
a154518892,這BGM絕了
ac34452149,夜凱！！！
a91101021,超級賽亞人
zero0623,炎之爆發
qbq0428,QQQQQQ
xiaoloshi219,练武之人 肯定不会搞些偷鸡摸狗
Andy20120105,我願稱你為最強
walktosee,阿尼幾~
dormilk,經典台詞
z610734,保護了所有人的炎柱
lovekill0102,windows開機?
SJie,經典的數人沒數到自己
x51811danny,除了我
aa0214x,6等了
cloudwind307,八門盾甲 開！
tom19871017,"  保護了所有人,除了他自己......"
Liueida91382,大哥！！！！！
a105260,28diojiiiofsw
hspss99148,大哥沒有輸
yan2415,神魔第二招
roytenpura44,高！潮！
kokakamui,大哥沒有輸！！！！
Tony950111,諾可西
song8998,大哥沒有輸！！！大家喊起來！！！
k0511jocelyn,神魔第二招XDDDD
Aa8918342,高潮
kiwi950605,大哥沒有輸！ㄝㄝ
iceandfireTW,大哥沒有輸！！
Tony950111,神魔的一二招特效都一樣
viviansu0112,大哥沒有輸！
a1976375921,打不過
tako2005,大哥沒有輸！！！
yaya1313520,JOJO
a105260,2
A7012222,狂熱開起來
jommygod,大哥沒有輸！！！！
waminhu0503,心を燃やせ
IanTAT,Technoblade NEVER DIES
nairb40907,八門盾甲 死們 開
a105260,gfohbdefsp[
nairb40907,八門盾甲 死們
matt2004,RG系統，啟動!!
emily1018li, 八門遁甲
ninistar529,心臟莎莎給油
BHSN00001wb0,燒毀
lineagej,plus ultra!
aa27191596,Stella!!!!!
Eastgrand,炎屬奧義 先自損
childwanabe,關於斑紋的開啟方式
childwanabe,唯一知道的是，開了之後必活不過25歲
childwanabe,僅提到他們家祖先聽聞的緣壹VS無慘的紀錄
asakiricu09,八門遁甲
qwe5655,夜凱
k47288274,夜凱
childwanabe,家族事業定會在他手上結束。
childwanabe,說著殘酷的話。
childwanabe,後來他認為應該是
fellgood611,大哥QQ
quckyei,流星一條！！！
music615,竜神の剣を喰らえ
iechoj,大哥沒有輸！
ZXC850882006,保護一切的男人VS什麼都保護不了的鬼
qmroger0028,死門 開!
a28163630,你也想起舞嗎?
albert0713w,還笑
aa0214x,神作畫
ming0624,燕返
Liueida91382,🈚️想之一刀
wxm0301,準備衛生紙中，請哨後
ziyi960725,燕返?
liyanrong,頭掉了其實也行啦
a85423877,不管運鏡還是特效..真的帥
crude834,輸了就是輸了
cs2131014,高潮
song8998,大哥！！！！！！
Andy20120105,不～～～～～～～～～～～～～～～
yan2415, 但觸發條件是砍脖子
se9941,手穿過洞洞
crazyisbaby,大哥沒有輸!!!
lbj38891386,甜甜圈
panmeow6438,哥你的大招無敵幀呢
owen880410,複讀機484
Lihk,大哥沒有輸！！！
a444444444sd,  甜甜圈朝聖
A22406809,大哥沒有輸，只是破洞了
a5180742,大哥!!!QAQ
jerry5456,甜甜圈
q47477467,艾斯
jses666,完啦～BBQ啦～～ 完啦
as591314,有煙無傷
Ggccsa2010,魯迪
waterfish69,甜甜圈
zcxv7bjkn7,大哥😭
paullau003,艾斯QAQ
Annile1010,差不多要開始哭了
zzz320000,每個月6000的二兵VS新訓招募官
andy60178,艾斯颯爽登場
laomei167,你是什麼直銷嗎
ws07260035,RRRR
s8m88cjwqv,直接逼他喝鬼血就好了
cow6956,手都插進去了，血液不也流入了？
zz0104yy, 封你為年度HR
a32113891,ACE
h334434y,仍不放棄招募...服了
W716004,是真愛
asdf1010215,直接打包帶走
seven60282,嗚嗚嗚嗚
jommygod,曹氏宗親會＋１
tsung850719,確認過眼神 是愛無誤
love1323,招募大將軍
gagadi168,除非大哥說好不然他不會逼他喝血
A7012222,終結!
BHSN00002p3c,哭了
cx47897,太太的髮型QQ
alone0626,無慘妹妹?
kokakamui,大哥小時候真的可愛w
Jason970722,大哥
aa0214x,爸爸基因超強
q47477467,下麵弟弟??
thelastdog,回憶殺
k47288274,太太我喜歡你
soonkyu515,大哥當鬼的話 幾年後上二就換他了
a85423877,真的強
Kratos0993,With great power comes great responsibility
AFTER4299505,小貓頭鷹
ccwlle,蜘蛛人嗎XD
childwanabe,BGM:★責務
koll1103,好看
marlopaery,哭死啦QQ
J876543,太太給虧嗎😎😎
yh031414,可愛小信受郎
aa0214x,QQ
superCN0,大哥沒有輸
defssh6589,大哥從小就梳了
san20010311,太太我喜歡您
se9941,大哥沒有梳
keroro375,貴族義務
ruby830301,太太窩稀飯泥QQ
syu0612,基因唯一遺傳：紅眼
E1010204,帥哦
wxm0301,大哥沒有輸
syu0612,太太也請抱抱我
as1314877,我也要抱抱
Eason960409, 洗面乳
wilsonlisoso,我也要抱抱
sayidawu1210,哭爆
ws07260035,RRRRR
CC961202,看哭了
Devil0z0,哭爆
v3425697,大哥沒有輸 ! 沒有輸
tako2005,阿尼基！！！！
asdf1010215,硬要
flshinee,大哥沒有輸！！！！！！
abcd90270,大哥沒有輸!!!!!!~~
E1010204,後面超感人
ts01124337,大哥!!!!!
yq8jcwcjxs,太陽快點出來不要讓大哥輸啊啊啊啊啊
nicegood8886,大哥你好緊
yiiiii1007,拒當國軍!
tsung850719,你不是不不知道我很緊
BHSN00002p3c,大哥沒有輸
a5180742,大哥!!
Kingtomjojo,腹肌之力
huangchunyi,腎線上素爆發
a5595199,雷
suifish,BGM大好評
AAOO08310806,他罵不了你了
crayon3shawn,尾刀
Jason970722,<<<<<<<<[==========
leo0011,豬鬼隱了?
hung19930806,沒有事後了
q086579,c8763
BHSN0000528i,戴耳機聽的話叫聲會分成兩邊
soonkyu515,要是多一個柱來幫忙 大哥就贏了
axeriot,３１抱妹睡
laughxD,剛剛一直找人家現在又要人家滾QQ
liang31003,笑死
wilsonlisoso,你不放就算了，手我不要了
maxRTA2,超級賽亞人
BHSN000035s6,男人的基情
god056257,RRRRRRRRRRRR
Cc20050125,為什麼不用鋸的
Denny931115,說砍頭沒用你別再看鬼滅了
AAOO08310806,動起來！！！
chuanjunlong,亂咬樁
w20196,大概也沒幾個柱可以單刷上三...大哥很猛了
YGFG,漪窩坐去死
ckrond969918,大哥沒有輸QAQ
Xiaorou2008,斷手
Ivan921220,"日輪刀，被""扯""斷了...?"
jeff4031997,你給路打油
Jayshen666,真的
chu020412,名場面打卡⋯⋯
z13779com,*警告，你的殺鬼刀已轉職成飛刀
juang1996,穿刺之死棘槍
yan2415,噴....噴火龍
TTT94532,狗哥上身欸，怕爆
xttm5381,抽菸
SaPIus5,日輪刀：版本更新的受害者
de4wd001,大哥怎麼會輸!
wl02150550,他的身體真軟
spongebob123,話說他拿刀射他有什麼用
samko0913,大哥沒有輸!~~
kgtty840311,4dx蠻痛的= =
BlueMoon2,做刀的人一定會被氣到腦充血
childwanabe,BGM:★誰の勝ちか
maxint,不要逃，還我刀
ivansu001,尼給路打～
nuknad,出一口氣而已
seven60282,大哥沒有輸
Eastgrand,不要走 大哥願意了
yishan5629,哇又沒刀了
Z0913417849,大哥沒有輸！
BHSN00002p3c,大哥沒有輸
f55661110,管你因為什麼，反正你逃跑了
keroro375,別怕，哥就是太陽
moneyjackm,定型
leo840015,輸了就輸了 別扯淡了
A336523,123
Jayshen666,那大哥是不是輸了馬
asdf1010215,為什麼會凸一塊？
lolucky531,中肯
Andy20120105,太陽獲勝
k0511jocelyn,大哥沒有輸QQ！！！
BHSN00002wf8,輸了
Samllxdemon,炎柱早就完成了他的目的：保護眾人
aa0214x,QQQQQ
uio60809,大哥沒有輸QQ
odin711,從這裡哭到結束QQ
a444444444sd,大哥輸了......QQ
s34253737,紅字真的白癡
dormilk,哭了...QQ  靈魂配音
a22447520,為什麼不一瞬間將森林砍光
song8998,不准說大哥輸！！！！！
aria550709,本作天花板 太陽
ozoz010,哭了(;´༎ຶД༎ຶ`)
jason5201205,大哥沒有輸QQQQQQQQQ
kurumi1221,輸慘了
Aa931114,大哥沒有輸
BHSN00001wb0,大哥早就完成了他的任務，猗窩座只是意外
howard830924,大哥沒有輸!!!
NO09270erk,🔥🔥🔥大哥沒有輸🔥🔥🔥
bboykira,大哥沒有輸!!!!!!!!
aj7476,大哥沒有輸
bboykira,大哥沒有輸!!!!!!!!!
shine840823,大哥沒有輸!
ivansu001,大哥沒有輸～～
ron761230,大哥沒有輸!!
ljczine,大哥沒有輸!!! QQ
mini0358,大哥沒有紓困
energy10715,哭暴
larry37,輸不起...
loveup6,大哥沒有輸!!大哥沒有輸!!
k7365116,大哥沒有輸！！
qpqpqpqp88,大哥沒有輸！！！
ivansu001,大哥沒有輸！
bboykira,大哥沒有輸!!!!!!!
kamironasd36,大哥沒有輸!!!!!!!
xop59593695,大哥沒有輸! QAQ
waminhu0503,大哥沒有輸
rth135910,大哥沒有輸!!!!
dmcry0128,大哥沒有輸
Healer1010,大哥沒有輸
Yushan0901,大哥沒有輸！！！🔥🔥🔥🔥🔥
uio60809,大哥沒有輸！！！
BHSN000035s6,大哥沒有輸
asd27636230,大哥沒輸!!!
XiaoYi87,大哥沒有輸!!!!
JOHNNY1300,大哥沒有輸！！！
paullau003,大哥沒有輸!!!
L0312331,大哥没有输！！！QQ
a20687901,大哥沒有輸！！！
zz4552729, 大哥沒有輸!!
Vergil2882,大哥沒有輸
x778888778,大哥沒有輸
a91101021,大哥沒有輸QAq
tim821110,大哥沒有輸！！
chevalier,大哥沒有輸!!!!!
k0511jocelyn,大哥沒有輸！！！沒有！！！
cc20170805cc,大哥沒有輸啦！！！！
biung322,大哥沒有輸
Merschon,大哥表示：幹還不快過來
s137,大哥沒有輸!!!!!!!
JACKSON2100,聲優真的猛
Aovcmfxe,大哥沒有輸！
I900703,大哥沒有輸！！！！！
wyuande,大哥沒有輸
zz0104yy,大哥沒有輸!!!!
andy030622,大哥輸了
qwe830113,大哥沒有輸！
dofbesxx,大哥沒有輸!!!
lolucky531,跟月老一樣 兩部片的結尾差不多尷尬
BHSN00001wb0,大哥沒有輸
lucas1369,大哥沒有輸！！
mon0605,大哥沒有輸!!!!
c8587368,大哥沒有輸
anada520,大哥沒有輸!!!!
gsw109,事實上老闆無慘也認為猗窩座失敗了
Fuma1009,大哥沒有輸
A333388330,大哥沒有輸！！！！！
maddaimond,大哥沒有輸
s247839g,這裡哭慘 BGM
ming50228,看到爆哭
marlopaery,大哥沒有輸
richard68885,大哥沒有輸！
flower0126,大哥沒有輸！
k0922985907,大哥沒有輸，只是死了
c8956753,大哥沒有輸！！！！
darkbacon,大哥：在場的每一個人都不會死但我死了..😢
cloudwind307,大哥沒有輸
money80226,大哥沒有輸！！！！！
fantasy074,大哥沒有輸！！
stsamsamsam,大哥沒有輸！！！！！
song8998,大哥沒有輸！！！！！！
tracyOWO,大哥沒有輸！！！
mantou7925,都給我哭!!!!
gina1225,大哥沒有輸！！！
yoyotomqoo,竟然沒翻成大哥沒有輸
toobe5201,大哥沒有輸
kkplay89719,大哥沒有輸
r124055351,大哥沒有輸!!
crazyisbaby,大哥 沒有輸
k0922985907,他沒輸，就是死了
w20196,大哥沒有輸!!!!!!!!!!!!!!!!!!
kokakamui,大哥沒有輸！他完美完成了自己的職責！
tom19871017,大哥沒有輸!
cc85116tw,大哥沒有輸！！！！！
wxm0301,大哥沒有輸
danny6407,大哥沒有輸
kittytow108,大哥沒有輸！
d0933587446,大哥沒有輸
Cheers7777,大哥沒有輸
keroroabc123,怎不怪你跟旁邊的豬太無能
j5jgdx66sw,大哥沒有輸
BHSN00001wb0,大哥沒有輸！！！
zcxv7bjkn7,大歌沒有輸！！！！！！！！！！！！！！！
B9603,勿以輸贏論成敗，大哥的意志傳達給大家了
Sam0408hu,大哥沒有輸
Shenggg0804,大哥沒有輸
YGFG,八軋鴨肉
qweasd0534,大哥沒有輸!
Adam70402,大哥沒有輸！！
gn01243182,大哥沒有輸！！！
peter9566,大哥沒有輸!
chiesyeu,大哥沒有輸！！！！！
as1314877,哭QQ
o23366775,大哥沒有輸！！
brianzz007zz,大哥沒有輸
tamama10269,大哥沒有輸
yud1110118,大哥沒有輸
sining5168,大哥沒有輸
BHSN00005ina,大哥沒有輸!!!!!!!!!!!!!!!!
Xiaorou2008,大哥沒有輸
p5p6p7p8,大哥沒有輸!!!!
Z13569167956,沒輸啦！淦
BHSN00002p3c,大哥沒輸
wxm0301,大哥沒有輸
wxm0301,大哥沒有輸!!!
laomei167,樹：收到了
BHSN00000apo,大哥沒有輸
Cleshoes,大哥!!!
y062472987,GG
yh031414,大哥沒有輸
wwwk,大哥沒有輸！！
summerwars,大哥沒有輸
gary94074,大哥沒有輸!
starsky90949,大哥沒有輸
Pp04160416,大哥沒有輸!!!!!!!!!!!!!!!!!!!!!!!!!!!!!!!!!!!!!!
tako2005,大哥沒有輸
keroro375,大哥沒有輸!!!善逸還在睡
brightwinnn,大哥沒有輸
shur1030,大哥沒有輸！！！
hmkkwzcr7k,大哥沒有輸！
Sumireko0125,大哥沒有輸
roger901901,他不只輸了，還輸死了...
a2871736,大哥梅沒有輸!
tomet80076,精神勝利法!
a79891119,大哥沒有輸
rth135910,大哥沒有輸!!
apple900131,大哥沒有輸！！！！！！(;´༎ຶД༎ຶ`)
mvv155268,大哥沒有輸!!!
xikeweiya,大哥沒有輸!!!
E1010204,背景音樂真的會哭爆
emome0406,大哥沒有輸！
Wryzjf,所以刀....沒了？
Samllxdemon,大哥已經完成了他的目的：保護眾人
wuy62751,輸了啦
Harushi,大哥沒有輸！
end81235,??????
roytenpura44,大哥沒有輸ＱＱ
CC961202,大哥沒有輸
Caleb2007,大哥沒有輸，只是死了而已
a5180742,大哥沒有輸
as1314877,大哥沒有輸！！！
lerryz0621,大哥上課又沒帶書了
ting92001,大哥沒有輸
NO09270erk,大哥沒有輸
a318074,大哥沒有輸
sunwnwn,大哥沒有輸
Annile1010,大哥沒有輸
pokai516,大哥沒有輸!!!
RUSER,付費的好
lisa63,大哥沒有輸！！！！
eszedc123,大哥沒有輸!
a444444444sd,甜甜圈QQ
m4xu6,大哥沒有輸 !
ellen27,大哥
BHSN000035s6,你是在大聲什麼啦
Gilbertisbig,大哥沒有輸！！
jeffff722,大哥沒有輸
s247839g,看電影這裡哭爆
sean83225,大哥沒有輸
eric0012,2023 6/11 大哥沒有輸 但是寄了
TTT94532,快點帶大哥買蔬菜，大哥沒有蔬！
Stacyouo,大哥沒有輸!
latte8912,大哥沒有輸!!!!!!
GeOrGeRr,哭了...
BHSN00001ork,大哥沒有輸
ps22706994,大哥沒有輸!!!!
a201099325,是誰說大哥是甜甜圈的我拿日輪刀砍他
kaifu888,大哥沒有輸!!!!!!!!!!!!!!!!!!!!!!!!!!
asdff456123,大哥沒有輸!!!
AAOO08310806,哭
BlueMoon2,哭屁
xanderfall33,那個 鍛刀師在你背後 他很火
jeffff722,QQ
willy900428,大哥沒有輸!!!
scar7382,穢土轉生
s15113141,大哥沒有輸!!!!!!
stqbkw6d8b,刀勒？
sean83225,大哥沒有輸!!!!
black026,花江配的動畫又一個金髮角色胸口被開洞
pimkg24,大哥不會輸QQ
kingden8583,大哥沒有輸！！！！！
shuaishirend,我覺得大哥就沒輸阿怎樣垃圾?
fire918,等等！你妹還沒裝箱欸！
Diego0128,大哥沒有輸
wuy62751,輸了是事實
st1121233,炭配音員辛苦了💦
BHSN00001wb0,紅字晚餐
asery132568,大哥沒有輸
BHSN00004vkq,請使用穢土轉生謝謝
s247839g,哭慘
as1314877,別ＱＱ
ellen27,大哥QQ
maxint,沒刀了，大哭
iechoj,嗚嗚
RUSER,119
a79891119,QQ
Hank150118,為什麼不出復活甲
song8998,現在是迴光返照......快哭了
AAOO08310806,那你死了呢
a27147809,鼻☆塩☆塩
adonis0214,如果鬼不會回血 鬼也是早就輸了
AAOO08310806,見證人
Nanaichi,大哥真的沒有輸QQ
ark88175,怎麼肚子被穿一個洞，說話還那麼正常
se2384j,h
ahe950529,我家挺大的 累了就睡沒關係
icenosoul,大哥沒有輸!
wb20090628,好可咧
soonkyu515,炭炭: 說好要收我當繼子呢 你別死阿大哥
HWU107, 所以炭志郎應該叫一聲繼父
eillee050814,你爸燒了
BHSN00002p3c,最後還想著別人
AAOO08310806,血染
norman895677,反轉術式就可以了
tamomji,甜甜圈
GeOrGeRr,不...
Halberd06,nine
AAOO08310806,奈以
cold54321,大哥沒有輸
Minky5942712,甜甜圈
Andy20120105,痛～實在痛
HGG0816,🍩🍩🍩🍩🍩🍩🍩🍩🍩
laihongjun23,艾斯客串演出
NO09270erk,🐗🐗🐗🐗🐗🐗🐗🐗🐗
IABCDEFGH,🍩
jxj220,你在哭還是憋笑?
thelastdog,止血沒用了，內臟都破裂了
Andy20120105,所有人都很痛
seven60282,QQ
jvw1000170,菩薩的笑
Andy20120105,唉
ois2n000,你只跟他說話？？豬頭呢？？金毛呢？？
paullau003,QQ
s247839g,這裡超哭的QQ
love3769846,大哥😭😭😭
asdf1010215,打心臟直接死
hyclove,嗚嗚嗚
st1255601,1251
glen780903,大哥這番話肯定他和彌豆子，是很大的支持QQ
a85423877,T0T
Andy20120105,自來也
AAOO08310806,T T
mantou7925,QQ
atsai0606427,大哥QAQQQ
waminhu0503,心を燃やせ
yan2415,這裡會考
Swqlxrn,心を燃やせ
v22565630,哭爆
yq8jcwcjxs,灑灑給呦
BHSN00002p3c,我真哭了
bts1011teddy,大哥不能輸...
Vv6275011105,😭😭
BYEXSJD,😢😢😢😢
love3769846,經典呀
qbq0428,我為何看六次還是哭？TOT
RUSER,太難過了QAQ
zcxv7bjkn7,😭
t853re980,眼淚停不下來
asdff456123,TAT
SJie,哇！大部份人是為了報仇
iechoj,再領一份便當其實也不錯
SJie,而大哥純粹為了信念而戰
m20090523,QAQ
ois2n000,炭治郎也用「火」之神樂，最後還不是沒死
tishblack,大哥QQQQQQQQQQQQ
thomas910901,青春豬頭少年
mashu52,不要停下來阿
BYEXSJD,😭😭😭😭
se9941,T^T
jxj220,放開那個女孩
j5jgdx66sw,豬頭少年哈哈哈哈哈哈
BHSN00005ina,TAT
mantou7925,大哥 別說了QQ
BHSN00002p3c,不要死阿
an1110,😭
RUSER,再見了大哥
wlv954762357,炭之郎做到了2023/6/19紀念
tw0956001962,😭😭😭😭😭😭😭😭😭😭
pomelo1005,😭😭😭😭😭😭😭😭😭😭😭
Samgo12358,以後就要由你們打敗巨人
k98703745,眼淚是要多大粒
s58794653,維大粒
Goodcake823,QQQQQQQQ
AAOO08310806,撐不住了
LEON05162001,我相信相信我的你們
cx47897,哭了，哭了
pocketrick,QQ
a82473,培根
chonos,為培根讓我笑出來拉
childwanabe,BGM:立派にできましたよ
hktyiikk,顯靈啦
vm6y3fu6,相信那相信我的你
gagadi168,鬼阿
j1991123123,QAQ
johnsonyu6,哭爆
gavingamer,夫人我愛你
as591314,娘來接你一起走了
anada520,QQQQQQQ
gyman130,QQ
jxj220,我來接你了
zm721837,大哥沒輸QQ
a737788990,在電影院看真的很難過
BHSN00002ytk,我沒哭欸.....
tw0956001962,😭😭😭😭😭😭😭😭
RookieWen,我不行了
bts1011teddy,神作 一定是永遠的神作....
pomelo1005,😭😭😭😭😭😭😭😭😭😭
Vincent54560,開心
amberchuzhan,我不行了QQ
Liueida91382,無慘的頭呀（翻桌。夫人比無慘美
sophie14339,盡責。
aecj6157,我已經哭爆了QQ
BHSN00003a2t,大哥沒有輸
Cxz36542, 其實我就是無慘
st1121233,超催淚😭
Jack2758,"比星野
愛死的還要堅強（？"
ivansu001,你做的很好👍
j1932041,"不,你是最棒的"
childwanabe,BGM:黎明に散る
L0312331,不管看多少次真的都哭死😭炼狱大哥...
a737788990,你很棒了
jvw1000170,笑的像個孩子
valerietsai,用耳機聽真的是 qq
wxm0301,當然是鬼滅阿
coverw2,不要走QQQ
jihro7575,大哥遠遠是紅色的!!!
a91101021,QAQ
BHSN00002p3c,哭了
jenny71094,不~~~QAQ
uio60809,大哥QAQ
bloodsky,QAQ
BHSN0000528i,晚安了！大哥
Vincent54560,哈哈
ab0908819753,2021.10.24 連刷第九次
Aa8918342,大哥願你安詳
cs52059420,爆哭中
a91101021,大哥 晚安
GeOrGeRr,晚安...
h960816,彈幕素質真的很差🙄🙄🙄
giroroxp,大哥沒有輸，大哥你做到了QQQQQQQQQQQQ
Goveteao,大哥沒有輸啦QQ
wyuande,大哥辛苦了！你沒有輸！
yuzhaoc6,大哥沒有輸！😭
setomoku,哭了…QQ
yoyopush,哭死了
jeffff722,大哥沒有輸
syalon,大哥QQ
Johnsonzoe,大哥沒有輸，只是死了
bluevan531,沒素質的彈幕真的很欠檢舉
uio60809,哭慘....
Hentai999,大哥死了
D0789394,黃毛:我沒看到  再打一次
chu020412,後面還有更好哭的⋯⋯
kudy55,為什麼我看超過10遍，還是會哭成狗T.T
BHSN00002p3c,我哭 死 了
Max0120,你耳朵不是很好 怎麼突然重聽了？
starsky90949,大哥沒有輸！！！！(;´༎ຶД༎ຶ`)
TWDW,@
drugman12,嗚嗚嗚嗚嗚嗚嗚嗚嗚嗚嗚嗚~~
Hannah951109,善逸睡著不會有記憶跟第二人格差不多
zcxv7bjkn7,嗚嗚
GeOrGeRr,因為炭所以過來
opooxewb1,沒事歌舞伎町那報廢個音住就贏了
Vv6275011105,哭慘
Nanaichi,炭你可以的!!!!!
Eason960409,你是主角，別說喪氣話
wudenlong,你懂屁
childwanabe,BGM:訃報
NO09270erk,🐗🐗🐗🐗🐗🐗🐗
seven60282,哭爆
starsky90949,信任打信任
sophie14339,豬豬說的真好。
jaezerrylin,大哥算不錯了啦！只差班紋和赫刀
soonkyu515,豬豬觀念正確
lolnooblol,阿勒？你臉上的是汗嗎？
NO09270erk,🐗🐗沒有哭
l1015578,還在給我說瞎話
mini0358,來星爆一下
owen880410,星爆氣流斬
NO09270erk,這跑步害我大笑😂😂😂
PIG00,西瓜榴槤汲
squat,野豬衝撞
RUSER,笑死
spp90440,勇敢的豬豬
hwlin2021,你做的很好👍
asdf1010215,幹ww太鼓達人真的笑死ww
love1323,星報
jjgo0619,C8763
Bobird0131,他不是受傷
NO09270erk,黃字同感 有點水
NO09270erk,HP-1
NO09270erk,HP-1.
NO09270erk,HP-1HP-1HP-1HP-1HP-1HP-1HP-1v
Lover0317,敲敲頭
a32113891,太鼓達人～
starsky90949,大哥沒有輸
A951026,太鼓達人那個還我眼淚！
e21215682200,豬豬太可愛了XDDDDDDD
rainsoon717,於是有了 青春豬頭少年 與兔女郎學姊
Johnsonzoe,炭鼓達人？？？？？(◐‿◑)﻿
lisw21933,探難了
st1121233,這真的是神作
wxm0301,😣😣
jinglunp123,大哥沒有輸
setomoku,可惡豬豬可愛
yueliang0928,烏鴉也會哭
asdf1010215,ww
Max0120,wwww
story041236,傷成那樣躺下死更快
reginahen,大哥沒有輸
Vv6275011105,烏鴉也感性了
ois2n000,盡責的烏鴉
swordart123,我老婆
lisw21933,炎柱死了QQ
NO09270erk,大哥沒有輸
sophie14339,烏鴉也哭了。
zxc56030,靠你怎麼還在算拉XＤ
vvvbbb1230, 師父先走了...
kudy55,戀柱跟蛇柱驚訝 因為都是大哥救出來的
yh031414,蜜梨qq
Aquamywife,USB
Xiaorou2008,花街？！
qwe5655,柱第一勝的男人
rx78msz006,快到你表現啦!!
yueliang0928,是上任炎柱（他爸爸）
BHSN00000f92,WTF?
P124789,哭了
an1110,風柱很強
coverw2,實彌❤️❤️
op04190525,你沒朋友
NO09270erk,大哥沒有輸.
ois2n000,喂！多說點呀
GeOrGeRr,大哥辛苦了
yq8jcwcjxs,最後還是水柱和炭治郎把上三也不算打死
NO09270erk,大哥沒有輸
Wei20010714,boki
juby120822,太太我喜歡妳
yh031414,不敢相信
Byutse,1
sunwnwn,不要害我哭
dien001,快用敗者食塵
zxc7616870,就你死的最得體
Yuting220,彈幕素質堪憂啊 唉...
g36is8787666,神曲
Goveteao,炎是不會燃盡的
shoda5566,QQ
s5020808,神曲上線
P124789,片尾曲開始了
j1991123123,神曲QAQ
Goveteao,大哥沒有輸
roytenpura44,神曲ＱＱ
CC961202,神作留名2024／1／18
BHSN00002p3c,我哭了五張衛生紙
a1593572486a,May the flames guide thee.
mantou7925,ed奏起 還不給我跪著聽
a91101021,qq
material,炎
Mickisgod,唱國歌
swordart123,神曲
q11210507,當初這裡音樂一來，眼眶就紅了
pomelo1005,20240319 簽
g36is8787666,大哥，一路好走
geoff910426,完結簽
yh031414,要被抬了
geoffgsx,2022/12/24 留
NO09270erk,大哥沒有輸
wyuande,頭皮發麻…
xxFCxx,2024/02/24 午餐好吃！
kokakamui,抱歉看到藍字我當下意識要唱啟程之旅
Xiaorou2008,2021/10/27星期三
Munin111,不然還不哭爆QQ
r97wgxy45j,2023/2/6
chenyu4429,2021/11/13
ru3344,2023/7/6簽
miffy5241,2023/07/02
Su40102,2021/12/5 星期日
st1121233,2023/10/28大哥...一路好走QQ
a91101021,20211027  再來刷一次
Zxc6028,看幾次，哭幾次😭😭
Johnsonzoe,2021/11/15
ois2n000,2022/2/6/12：47簽
ttes9745201,大哥沒有輸!
BHSN00004vkq,2021/12/6
Linjimmy103,2022/2/13
maxRTA2,2023/5/16 凌晨3:55簽
h960816,2022/12/29神作
L0312331,2024/1/7签...炼狱大哥Q-Q
a13149999,2022.03.13 熊熊簽
Joe930951416,2023/1/26
love1323,神曲
q47477467,2021 10/30
ois2n000,12:23 13簽(つД`)
yuchiao8787,2023/10/14
threenine309,2022/02/05
andy7lai,2022/1/1
tw0956001962,大哥沒輸。嗚嗚嗚嗚😭😭
kaipenguin91,20230619
yizhen0905,2021/12/9
brightwinnn,20230706
Jim126823569,2021/11/22
HBlin2000,20220213
p2350290,2022/8/27 當保全摸魚偷看
Happyluck0,2022/5/10
gn01693869,2023/05/04大哥沒有輸QAQ
ggo74ed,再看一次還是很感動QQ
Candy1216,2021/11/13
GeOrGeRr,結尾哭爆(;´༎ຶД༎ຶ`)
yali861204,2022/12/27 大哥沒有輸！
m20090523,2022/3/20
yuchiao8787,ＱＱＱ
ssr1080203,2022/5/31 留
tom19871017,2022/4/4
Eunice970413,2021/12/22
patrick1207,電影院大家中場就哭爆
huangchunyi,2022/03/03簽
a44883573,大哥沒有輸！
Benson0966,2021/10/30😢😢😢
BHSN00001ork,20211030
jeremy931030,030
BHSN00003cb5,2022/10/10
Jayabby666,(〒﹏〒)留2023.07.06
wyuande,2022/8/4
ji394su3x87,2022/11/27
jxj220,2023.08.18
yanikes10,\Lisa/\Lisa/\Lisa/
Alaitomato,2023 4/16
pmletyo,2024/04/14
Tom97101487,2022/1/4
dark840624,2023/05/08 大哥沒有輸
Mike0112,2021/11/8 不知人留
Lisyun,03/06/22
U5201,2021/12/12
cksh601,2022/06/19
Linjimmy103,2022/2/13
BF98073,2023/5/2
BHSN00003a2t,2022/112/4/15
duck1jason,2022/10/29
Fffrtyrty123,2022/05/24
s21510123,2022/6/22
xinjang87,2022 5 31
st1121233,2023/12/20大哥一路好走(ಥ_ಥ)
wiselyzick,2022/1/19
Jayes1450,2022/11/25，PM11:53
joaer,2023/6/1（流）
richard68885,大哥沒有輸QQ
chenyunzhen,2024/2/1 cyz簽
Peggy1818,2022/1/24
martin6983,阿部望大神 特效場面品質保證
ILovebangtan,3刷還是哭了
anna24174111,2022/3/6
a39898229,2021/12/7
Aa8918342,炎
asd789777,2024/03/14
irinaouo,2021/12/26
Sam009279,2021/11/1😭😭😭
calm14,2023 7 23
Hank150118,19:52
yh031414,悲傷的歌
water2999,2023/5/28
wwwk,2022/02/13
tenguceh,2022/8/21
sorry11,2023 6/27 4刷
Cleshoes,2022/02/11
ss20081008,2022/2/20
j106092,大哥沒有輸！！！
Annile1010,20230707
abc30678,QQQQQQQQ
yh46898108,2022.9.9
patrick1207,人生沒看過這種場景
MisterMcRay,2020/2/27
ohgoodboy0,2023/5/3
a8003925,電影院坐旁邊的ㄉㄡㄒㄎㄨˉㄌㄜ
sophie14339,2021.12.25
lurouwen,20230129
midriya0718,2023/5/22( ﾉД`)
Applemb,2022/8/28 大哥沒有輸 RIP
eric1070803,2023／2／28
wbt77,謝謝橘字
BHSN00002p3c,太感人了
A905,大哥沒有輸QQQQQQQQ
mayi080922,2023/09/09
calm14,2023.7.23
iestrend0703,2024.04.04簽到
R950907,20222\2
iris05180103,🥹
AA0721106,2021/11/21(๑ १д१)
anada520,20230521
yyhhee,2023/5/21
arthur183,感動🥲
pocketrick,感謝字幕
kokakamui,5刷終於忍住眼淚了
crazyisbaby,明明看很多次了...還是QAQ
kokakamui,因為眼淚哭乾了（誤
Goveteao,永不忘記
wang872502,Q
dou480813,2023/5/25 太晚來了
uv1017,2021/11/2
IU05160918,2022/5/26
b0901167559,2023/7/22
R10025480,2022/12/23
acxegg,2021/11/27
a1593572486a,may the flames guide thee.
spring54519,淚
BHSN00005ina,2022/1/12
sc30forever,2020/3/12
mizuwa0801,2021/8/23留
aa35838739,20230305簽 大哥沒有輸
qsc00202,看幾次哭幾次欸
v22565630,好看
zxc0711,20240227 100刷以上簽到
nnext0425tw,2023/4/23
biwch9207,大哥沒有輸！
suifish,2021/11/30
Goveteao,2021/10/26炎
Henrygg1028,2023/1/22
yunzhensu,2024/03/02
h0955833803,2021 11 20 留
asdf1010215,真的是個神作....
aa4412187,2021/8/7
e3845207,2022/8/22
darkofpolo,2023/2/7 再來哭一次QAQ 大哥沒有輸!
R950907,2022\2\2
keny032124,2021/10/30
d22426539,除了神片尾曲 其他真的就一般
BHSN00001ffb,2022/3/6 炎
uopoa,2023/05/07 大哥沒有輸
daphne22308,QQ
Ziv9500,2021/12/5 留
syu0612,2021/12/06
qwe3410475,2021/10/12 哭爆
paullau003,2021/10/08 大哥別走~
andy030622,20210718
ILovebangtan,2021/9/5
levilovers,大哥我愛你QWQ
gh123741,2022/4/17
X1060096,2024/03/27
marlopaery,20210911
ryan93113,2023/2/7by 亮
sxt15144,2023.06.15
aul520601,20230320QQQQ
zxcert11,電影5刷路過 看巴哈放映還是哭爆
Linda1213,2022/1/25
wrnjh56j25,太好看了🥰
BHSN00002p3c,大哥用永遠在我們心中
Stila5850319,20230219簽
andy030622,2021/08/14
maxchen520,2021/10/12
awdr85047,20210718 3刷 巴哈我大哥 付費就是爽
yoohoo1207,20240313簽到 我愛大哥
roger95221,炎..QWQ
li071593,大哥，你做得很好了!!
Goveteao,看完輝夜姬，來看點感傷的
kevin030530,2021/8/2
nhk12345,巴哈我大哥
a2586547,2021/10/28 便當烏賣以
lucky26779,2021.09.15😭😭😭
Alan6998274,2022/2/6
b0901167559,大哥真的帥
po8643717,２０２１／１０／１２
NO09270erk,大哥沒有輸
s1993s520,2022/2/28
L123456786,大哥沒有輸
j106092,2023/1/14
eggate1235,2021.10.24
kittytow108,大哥沒輸！😭
zx5890689,2021/07/17 大哥沒有輸!!!!!!!!!!!!!!!!!!
csakura,2021/07/31 留.
asd3628451,2023/5/10
Goodcake823,2023/5/3
anada520,2021/07/21
zxcv85466,如果是6而不是3的話大哥是不是會贏?不公平LA
qjoe41729374,20227/16留言
Henry3311yy,2021/8/11
a4407891,7/17 10:24 6刷 路過
sars0932,2021.10.25 免費仔路過= =
tom911911911,7/18生日閱
axxaxx589,20230401
csjhs1080274,2023/6/21
d72828,202307016
C3A258782BD,付費就是爽
n71232216,2021/12/01
BHSN00005ina,2022/1/12留       (4刷
ficallion,2021/9/10
lilian611018,2023/04/24
Laowu1011,2023/05/14 大哥沒有輸！！！！！！
r871234567,2023/6/24
BHSN00002p3c,哭了整包衛生紙
A97979947123,2021/10/28
Vv6275011105,20210720😭
sa8781203,大哥沒有輸QQQ
qazomg,神作
Niu0915,大哥 辛苦了
mozart520,2021/8/2
ken76413,大哥QAO
ILovebangtan,+2
erg639,火焰特效好用心
r124055351,2021/07/18 03:18 12刷
pjmeddie,2023.3.12
utan900925,2021/9/13
a3137036,2023316
BHSN000033fq,2021/10/24 留.大哥沒有輸!
stephenjason,2021/11/16留
BHSN00002u1a,神作
springzfa,2022/6/5留
Ziaia520,7/20😿😿😿😿😿
kypss99000,2022.2.14.   AM1:43
qbq0428,7/18 6刷
xbax00159,六刷在家裡哭比較爽的路過😭😭😭
A20020817000,2021/07/30.  21:43
bb970331,大哥沒有輸！！！
aabc9808,2021.3.10
Kevin90432,2021/7/17
kuri152,現在免費仔也可以看了-10/23
a11117777333,2021/11/2
irinaouo,Lisa我愛你!
biwch9207,大哥！！！
giselle1106,大哥沒有輸!!!!!
LuFaMeow,7/21
spring54519,大哥沒有輸
rabbit61619,2021/10/30
asd093142661,大哥沒有輸
lry0517,2021.12.30 凌云.
ch544300000,2022/6/18 六刷
nba789nba789,20210717
zzxx858487,2021/10/11
final0,2022.3.9 留
cc20170805cc,2021/07/18
asdfgh50707,QQ
robart,大哥沒有輸!!
i37275079,2021/07/18 11:57
ezerkenegdo2,2023/6/1 大哥沒有輸！！
sa8781203,神片..
James880112,12/9
hoot0890,2021/10/13
aabc9808,2024.3.10
anada520,20210718
j5331066,大哥沒有輸!!!
style122563,大哥沒有輸QQ
hcs95001,大哥沒有輸~   2021/12/22 留
qazdog159,20210927
qwqwertyu,大哥沒有輸！！！！
A906472299,2022/5/27
Coffee18Cool,2021/9/2 纪念
Su40102,2021/12/5 留
roger95221,2022/2/1 留
eeeee9930323,2021/07/23
BHSN0000346g,2021/11/13
NagisaKaworu,大哥沒輸~
BHSN00002scn,大哥……我們是不會忘記你的……
CC961202,片尾太好聽了
sophie14339,2021.10.24
k20060105,2022 10 22 大哥沒有輸QQ
yuzxx008,2022/1/26
asdfgh50707,(Q Q()
m112212,8/26 暴哭的中年男子。簽
yoburp,2022.04.24 11:07
gres1203,2022/1/11 刷
Shuoting1203,留
suifish,大哥和要！！
BHSN00002p3c,最好看的電影
reginahen,QQ
gray1124,2023/06/27 簽
sa8781203,202107192:43
gress2965,2022.04.04
knight618120,2021/7/4
DAS530520,2刷還是哭爆
ccc991234,2021/10/31
Derekgg,2024/3/2
Coffee18Cool,QQ
TNTericTNT,2021. 10.31 大哥沒有輸
g36is8787666,永遠的大哥
Johnlou,2021/11/16
James880112,2021/12/9
ace55644,2021/11/7
az39ccpe,20210717
gray1124,2323/06/27 簽
tientienk03,20211025
Terry12355,7/26
aaaa1236423,2020 8/10
biwch9207,7刷了QQ
final0,2022/3/9 替大哥留
AA0906278825,2021/10/24觀看結束
kgtty840311,神作
maxchen520,要一年了
sheng0331,2021/09/06
Neal612005,2022/1/16 留
eugene0206,2021/12/15
amberchuzhan,QQ
NO09270erk,大哥沒有輸!大哥沒有輸!大哥沒有輸!
Jb56we860422,大哥永遠活在心中
hsinmino,2022/08/14 首看，感謝巴哈
BHSN00002p3c,我要缺氧了
sophie14339,神曲...
Vensdetta,2021/11/15 留
sf17102536,2021/08/06
Hcjlyj8189,結果我不小心就看完神作了
wc850828,2021/7/19 10:53
m6977419,2021/10/09 留(;´༎ຶД༎ຶ`)
bobo3056,2022簽
tinachen0324,沒有輸
e3952231,結尾還是想在喊一次 大哥沒有輸
BHSN00005ina,2022/1/12
jey520320,2022/4/13
ccc991234,2021/10/31  3刷
sa8781203,刀...哭爆.
qqyy00,2022.3.17
qpqpqpqp88,210717大哥沒有輸！！！
lilchengx621,大哥沒有輸⋯⋯😢😢😢
abcdefg60317,雖然在電影院看過了還是哭爆QQ
rzpp0710,2021/10/24 不知道幾刷
ivansu001,大哥沒有輸！
biwch9207,像大哥致敬！
eeeee9930323,大哥沒有輸
dasdasd877,大哥沒有輸....
BHSN00002p3c,神曲
eason103054,2021 11 05留
david01108,0.0 2023
mame25134,20210722大哥沒有輸！！！！！
BHSN00005ina,2022112
yuchen23,期待第二季
Rich20050530,2021/8/15
TIGERAMX,大哥沒有輸
Lisyun,梅里奧達斯
jenny71094, 謝謝黃/橘字 QAQ
vony88112412,2021.7.17 大哥沒有輸!!!!!!!!!
aa29776582,2020.8.8 大哥沒有輸QAQ
BHSN00002scn,再見了……
cs7169453,大哥沒有輸
zz4552729,2021/07/17 大哥沒有輸
d41993734,2022/1/1
K790117,88
flyicefox,大哥沒有輸。
mizuwa0801,大哥沒有輸
keny032124,2021/10/30 乾 我肚子真的好痛
thedick,大哥沒有輸 2021.7.17
C107154117,2021 1024
wc850828,電影院5刷為了大哥買會員
aa19688691,2023.12.26回顧第三次
ivansu001,第二季再見
Teddy00300,神作紀念2021.8.12
BHSN000001hz,大哥永遠在我心裡
shoda5566,大哥沒有輸!!!
joe377335,2023/2/14
rainsoon717,大哥沒有輸 2021.07.18
h02115511,火之意志
tishblack,大哥沒有輸QQQQQ
anuew0402,大哥沒有輸 2021.07.19
Aa8918342,最後：大哥沒有輸！！
r6jager0118,2022/1/10 Red
mm910829,20210729
qwe3410475,大哥沒有輸 2021.10.12
stsamsamsam,大哥沒有輸，大哥一路好走！！！！
JACKSON2100,2021/07/17 大哥沒有輸!!!!!
bkmh4cc5p4,2023/3/3 5刷
Xiaorou2008,大哥沒有輸2021/10/27
policeman306,大哥沒有輸!!!! 2021/11/30
Xiaorou2008,下一個是花街
Kaiiyi,1
zcxv7bjkn7,😭
bear450476,2021.10.31
e810603,2021/07/17
wang872502,大哥沒有輸
evomaxh,感謝，過幾天再來刷
